date,ticker,company,open,high,low,close,volume
2022-01-03,META,Meta Platforms,334.06,335.53,332.73,332.84,14653506
2022-01-04,META,Meta Platforms,332.05,350.96,331.01,350.77,14355955
2022-01-05,META,Meta Platforms,351.18,353.17,332.21,332.72,13766479
2022-01-06,META,Meta Platforms,342.75,343.95,327.93,328.5,21565977
2022-01-07,META,Meta Platforms,323.3,334.95,322.87,334.41,15139272
2022-01-10,META,Meta Platforms,337.43,345.03,337.34,343.56,17133292
2022-01-11,META,Meta Platforms,341.54,341.93,325.7,327.19,15580743
2022-01-12,META,Meta Platforms,326.77,327.77,324.28,324.51,27519585
2022-01-13,META,Meta Platforms,323.05,324.56,300.99,302.8,17307829
2022-01-14,META,Meta Platforms,297.46,309.66,295.81,308.23,14206796
2022-01-17,META,Meta Platforms,311.74,312.22,299.17,300.53,21157919
2022-01-18,META,Meta Platforms,301.17,302.92,294.45,295.39,8357142
2022-01-19,META,Meta Platforms,295.86,304.44,293.64,302.9,18448686
2022-01-20,META,Meta Platforms,301.2,301.64,296.32,297.26,6699046
2022-01-21,META,Meta Platforms,302.18,303.25,300.36,300.41,13787696
2022-01-24,META,Meta Platforms,305.2,306.99,303.55,306.18,17557854
2022-01-25,META,Meta Platforms,309.78,313.72,309.36,313.03,10192111
2022-01-26,META,Meta Platforms,320.07,320.99,315.0,316.18,10459293
2022-01-27,META,Meta Platforms,318.1,325.9,316.75,325.35,27158411
2022-01-28,META,Meta Platforms,323.82,332.98,322.37,332.29,19513725
2022-01-31,META,Meta Platforms,331.75,338.24,329.18,337.05,15497153
2022-02-01,META,Meta Platforms,342.76,344.06,326.43,327.75,10753669
2022-02-02,META,Meta Platforms,321.82,327.15,321.55,326.83,14158638
2022-02-03,META,Meta Platforms,326.87,333.02,323.61,332.27,13239293
2022-02-04,META,Meta Platforms,331.4,332.06,320.44,321.43,12503392
2022-02-07,META,Meta Platforms,318.88,320.51,316.9,316.98,12794690
2022-02-08,META,Meta Platforms,315.73,322.07,315.58,322.0,12243974
2022-02-09,META,Meta Platforms,327.57,330.38,320.88,321.85,13183384
2022-02-10,META,Meta Platforms,322.33,325.5,321.97,323.61,18170342
2022-02-11,META,Meta Platforms,322.09,330.8,321.71,329.72,28514397
2022-02-14,META,Meta Platforms,329.5,342.06,328.36,342.05,27920068
2022-02-15,META,Meta Platforms,333.9,349.63,333.89,347.61,13991567
2022-02-16,META,Meta Platforms,346.47,347.38,345.39,345.87,23682555
2022-02-17,META,Meta Platforms,351.14,352.03,348.75,349.26,32369058
2022-02-18,META,Meta Platforms,352.1,352.34,345.73,347.72,33628864
2022-02-21,META,Meta Platforms,351.2,354.56,349.22,349.74,12789283
2022-02-22,META,Meta Platforms,351.11,351.52,338.3,338.82,14644072
2022-02-23,META,Meta Platforms,341.74,342.03,334.08,335.12,13667009
2022-02-24,META,Meta Platforms,331.46,347.92,330.88,346.6,10688586
2022-02-25,META,Meta Platforms,342.95,343.2,342.05,342.24,17945157
2022-02-28,META,Meta Platforms,344.0,350.33,343.07,348.75,16292725
2022-03-01,META,Meta Platforms,351.57,352.79,344.55,345.27,16061264
2022-03-02,META,Meta Platforms,346.58,358.32,345.71,357.92,12588401
2022-03-03,META,Meta Platforms,360.19,360.51,358.47,359.85,23138512
2022-03-04,META,Meta Platforms,366.74,367.11,364.08,364.45,13394151
2022-03-07,META,Meta Platforms,358.46,372.99,356.96,371.34,10439311
2022-03-08,META,Meta Platforms,368.99,385.47,368.62,384.11,18759587
2022-03-09,META,Meta Platforms,379.94,384.1,378.82,381.49,19854624
2022-03-10,META,Meta Platforms,378.61,393.45,377.88,392.02,22041927
2022-03-11,META,Meta Platforms,393.87,394.27,373.62,375.64,21412616
2022-03-14,META,Meta Platforms,380.89,381.85,379.36,381.11,13405699
2022-03-15,META,Meta Platforms,381.1,383.36,381.0,382.9,12637972
2022-03-16,META,Meta Platforms,385.73,391.83,385.1,390.39,30276622
2022-03-17,META,Meta Platforms,393.66,394.32,392.59,393.9,13896926
2022-03-18,META,Meta Platforms,390.87,397.8,388.79,396.2,11144345
2022-03-21,META,Meta Platforms,400.86,402.7,397.39,398.72,22957651
2022-03-22,META,Meta Platforms,393.24,399.62,390.95,398.89,25325859
2022-03-23,META,Meta Platforms,401.78,401.95,395.98,396.93,19721418
2022-03-24,META,Meta Platforms,397.64,399.16,380.74,381.07,32164134
2022-03-25,META,Meta Platforms,382.13,383.64,358.14,359.05,17041871
2022-03-28,META,Meta Platforms,353.75,363.0,353.52,362.12,10135763
2022-03-29,META,Meta Platforms,368.18,368.82,362.96,363.65,12268258
2022-03-30,META,Meta Platforms,361.76,365.2,361.69,364.57,20458974
2022-03-31,META,Meta Platforms,361.88,380.3,360.94,380.13,29488292
2022-04-01,META,Meta Platforms,383.55,387.97,372.44,373.41,14114219
2022-04-04,META,Meta Platforms,370.56,376.17,369.24,375.3,15836472
2022-04-05,META,Meta Platforms,381.02,384.07,380.02,383.94,15307781
2022-04-06,META,Meta Platforms,382.57,383.6,366.04,366.84,8847105
2022-04-07,META,Meta Platforms,372.44,372.72,365.94,366.97,7120414
2022-04-08,META,Meta Platforms,366.28,375.23,366.11,373.16,12059662
2022-04-11,META,Meta Platforms,376.46,382.1,374.1,381.66,12893283
2022-04-12,META,Meta Platforms,386.05,386.37,380.86,381.09,10525780
2022-04-13,META,Meta Platforms,379.98,382.84,378.95,381.11,12582434
2022-04-14,META,Meta Platforms,381.08,382.48,377.66,379.56,25594614
2022-04-15,META,Meta Platforms,380.18,381.44,376.89,376.92,11179302
2022-04-18,META,Meta Platforms,371.87,373.48,363.79,366.54,9997198
2022-04-19,META,Meta Platforms,371.52,372.44,354.0,356.21,7412608
2022-04-20,META,Meta Platforms,351.34,354.88,351.34,353.26,16569230
2022-04-21,META,Meta Platforms,350.16,357.31,349.11,357.22,15878174
2022-04-22,META,Meta Platforms,361.32,363.14,345.7,345.7,22154265
2022-04-25,META,Meta Platforms,348.87,349.03,347.14,347.74,19685257
2022-04-26,META,Meta Platforms,340.5,350.99,339.63,349.63,18713201
2022-04-27,META,Meta Platforms,344.1,357.79,340.84,357.56,13788763
2022-04-28,META,Meta Platforms,356.5,357.61,354.49,355.02,12661054
2022-04-29,META,Meta Platforms,347.42,348.86,341.75,344.88,17771796
2022-05-02,META,Meta Platforms,340.09,355.96,338.5,354.34,20739300
2022-05-03,META,Meta Platforms,354.75,356.52,345.08,348.71,11679571
2022-05-04,META,Meta Platforms,345.62,358.23,344.86,356.32,18760781
2022-05-05,META,Meta Platforms,356.31,374.75,355.63,373.41,15942590
2022-05-06,META,Meta Platforms,378.5,378.84,368.04,368.98,14027466
2022-05-09,META,Meta Platforms,372.51,372.93,367.75,370.49,20977737
2022-05-10,META,Meta Platforms,380.64,382.59,374.69,376.85,24183331
2022-05-11,META,Meta Platforms,378.42,381.65,366.15,366.77,22404496
2022-05-12,META,Meta Platforms,363.82,364.19,356.04,357.04,16589310
2022-05-13,META,Meta Platforms,363.54,374.38,362.23,370.03,15805444
2022-05-16,META,Meta Platforms,366.27,367.56,363.93,365.39,20135401
2022-05-17,META,Meta Platforms,357.29,383.34,355.22,382.78,17236932
2022-05-18,META,Meta Platforms,381.9,401.41,381.15,401.31,10567390
2022-05-19,META,Meta Platforms,400.21,402.15,389.99,393.58,11170585
2022-05-20,META,Meta Platforms,393.08,408.43,392.71,407.56,22905060
2022-05-23,META,Meta Platforms,399.4,400.11,384.09,385.28,14675593
2022-05-24,META,Meta Platforms,383.53,384.75,375.35,376.84,11249797
2022-05-25,META,Meta Platforms,368.84,376.23,368.39,375.74,21163393
2022-05-26,META,Meta Platforms,377.78,383.11,375.68,381.82,12634877
2022-05-27,META,Meta Platforms,390.24,390.72,386.44,387.1,13057594
2022-05-30,META,Meta Platforms,378.6,394.75,377.43,394.18,18516726
2022-05-31,META,Meta Platforms,403.16,405.27,392.96,393.0,19718610
2022-06-01,META,Meta Platforms,395.91,398.74,377.66,378.33,14695902
2022-06-02,META,Meta Platforms,379.37,380.45,361.79,364.03,17286662
2022-06-03,META,Meta Platforms,367.78,369.73,366.75,369.19,12758203
2022-06-06,META,Meta Platforms,367.09,367.2,353.6,356.93,13348941
2022-06-07,META,Meta Platforms,355.87,372.66,355.56,369.55,17448060
2022-06-08,META,Meta Platforms,369.48,372.95,368.71,371.13,23044750
2022-06-09,META,Meta Platforms,371.65,377.9,370.12,376.75,25035466
2022-06-10,META,Meta Platforms,375.63,377.18,363.62,365.69,10021258
2022-06-13,META,Meta Platforms,364.53,364.57,352.51,352.57,8906562
2022-06-14,META,Meta Platforms,352.43,353.16,349.62,350.57,14958157
2022-06-15,META,Meta Platforms,349.35,350.97,347.1,350.42,18331356
2022-06-16,META,Meta Platforms,345.96,346.21,339.43,340.4,20640333
2022-06-17,META,Meta Platforms,339.81,343.89,337.61,341.69,21383582
2022-06-20,META,Meta Platforms,346.04,346.19,325.67,325.98,21648483
2022-06-21,META,Meta Platforms,327.73,337.25,324.88,335.38,18945522
2022-06-22,META,Meta Platforms,335.48,335.68,327.67,328.13,18887349
2022-06-23,META,Meta Platforms,331.15,337.68,330.36,334.21,14680996
2022-06-24,META,Meta Platforms,333.52,342.07,331.65,341.75,16866601
2022-06-27,META,Meta Platforms,339.66,342.24,339.39,341.48,18488704
2022-06-28,META,Meta Platforms,344.03,345.06,338.96,339.58,8269787
2022-06-29,META,Meta Platforms,343.12,344.47,340.49,340.82,9104399
2022-06-30,META,Meta Platforms,342.26,352.79,341.69,352.51,11869404
2022-07-01,META,Meta Platforms,357.43,359.65,352.56,353.13,12319733
2022-07-04,META,Meta Platforms,354.77,355.81,325.85,326.45,9928136
2022-07-05,META,Meta Platforms,327.6,330.2,326.7,329.83,24070703
2022-07-06,META,Meta Platforms,332.17,332.28,331.56,331.59,14878412
2022-07-07,META,Meta Platforms,330.74,333.16,329.36,330.31,14409925
2022-07-08,META,Meta Platforms,336.62,339.22,335.6,337.5,12972905
2022-07-11,META,Meta Platforms,337.39,337.94,331.07,331.9,24292821
2022-07-12,META,Meta Platforms,327.55,340.67,325.66,340.26,17506176
2022-07-13,META,Meta Platforms,333.34,335.54,323.39,323.74,5421552
2022-07-14,META,Meta Platforms,322.8,333.17,322.79,330.74,17187635
2022-07-15,META,Meta Platforms,323.99,335.33,320.45,335.22,17312709
2022-07-18,META,Meta Platforms,337.31,339.36,329.38,332.83,16270973
2022-07-19,META,Meta Platforms,335.37,337.78,328.07,331.75,19179414
2022-07-20,META,Meta Platforms,333.2,344.7,330.55,344.55,7657805
2022-07-21,META,Meta Platforms,345.52,346.47,335.88,337.27,20597874
2022-07-22,META,Meta Platforms,331.72,353.15,330.05,353.14,44124542
2022-07-25,META,Meta Platforms,353.11,353.37,348.93,350.0,18325763
2022-07-26,META,Meta Platforms,344.45,349.75,344.22,348.78,16621324
2022-07-27,META,Meta Platforms,349.89,355.93,349.11,355.17,24943290
2022-07-28,META,Meta Platforms,354.41,354.99,349.17,349.81,11400570
2022-07-29,META,Meta Platforms,351.35,352.04,344.51,346.09,15675621
2022-08-01,META,Meta Platforms,337.5,349.96,336.3,349.66,18428942
2022-08-02,META,Meta Platforms,345.32,358.55,344.66,358.37,12866858
2022-08-03,META,Meta Platforms,362.45,364.95,334.95,336.69,17626002
2022-08-04,META,Meta Platforms,339.6,339.89,333.27,333.91,16979330
2022-08-05,META,Meta Platforms,330.86,331.79,327.22,327.39,12957856
2022-08-08,META,Meta Platforms,323.17,326.74,321.95,326.17,14516779
2022-08-09,META,Meta Platforms,330.4,331.84,322.14,322.35,9547300
2022-08-10,META,Meta Platforms,323.79,324.48,313.15,315.64,14460621
2022-08-11,META,Meta Platforms,316.98,321.27,316.74,318.45,10358860
2022-08-12,META,Meta Platforms,314.79,318.54,314.41,317.35,14475764
2022-08-15,META,Meta Platforms,318.2,321.63,316.54,321.3,13108368
2022-08-16,META,Meta Platforms,320.57,323.35,320.34,322.53,21441269
2022-08-17,META,Meta Platforms,321.3,333.85,319.89,333.51,15226785
2022-08-18,META,Meta Platforms,335.5,343.36,333.53,341.55,25344901
2022-08-19,META,Meta Platforms,339.51,346.52,337.77,345.78,12253658
2022-08-22,META,Meta Platforms,345.39,347.88,327.01,327.85,16204511
2022-08-23,META,Meta Platforms,330.11,330.41,322.87,322.89,21062524
2022-08-24,META,Meta Platforms,324.57,325.34,312.07,312.51,28517228
2022-08-25,META,Meta Platforms,316.24,316.83,308.4,308.96,14217543
2022-08-26,META,Meta Platforms,309.77,310.01,304.99,306.94,13051994
2022-08-29,META,Meta Platforms,307.81,308.96,292.8,294.04,18805142
2022-08-30,META,Meta Platforms,295.04,304.36,293.53,303.61,19260774
2022-08-31,META,Meta Platforms,307.49,308.02,296.34,297.67,11976564
2022-09-01,META,Meta Platforms,296.49,307.65,294.71,307.17,8167434
2022-09-02,META,Meta Platforms,309.17,315.23,308.59,313.59,14365784
2022-09-05,META,Meta Platforms,313.42,315.58,312.75,315.53,26339391
2022-09-06,META,Meta Platforms,315.2,316.57,310.83,311.29,12087831
2022-09-07,META,Meta Platforms,308.19,310.95,307.37,309.24,13482279
2022-09-08,META,Meta Platforms,308.19,309.07,307.74,308.52,9803373
2022-09-09,META,Meta Platforms,307.76,319.46,307.38,319.29,8663631
2022-09-12,META,Meta Platforms,310.48,319.36,310.28,317.26,19014244
2022-09-13,META,Meta Platforms,317.78,321.74,312.01,314.23,11232313
2022-09-14,META,Meta Platforms,308.95,319.31,307.72,317.15,15819019
2022-09-15,META,Meta Platforms,318.54,320.14,316.12,316.21,12028699
2022-09-16,META,Meta Platforms,319.43,319.61,310.74,311.54,13175629
2022-09-19,META,Meta Platforms,315.5,316.21,300.3,300.66,27259987
2022-09-20,META,Meta Platforms,302.64,302.92,287.83,289.8,23199226
2022-09-21,META,Meta Platforms,287.69,289.74,278.11,280.09,8804583
2022-09-22,META,Meta Platforms,280.27,283.73,279.77,281.67,16964294
2022-09-23,META,Meta Platforms,284.71,286.17,284.15,284.86,15949732
2022-09-26,META,Meta Platforms,283.17,301.93,282.63,301.82,16848325
2022-09-27,META,Meta Platforms,296.74,297.56,290.66,291.47,10245079
2022-09-28,META,Meta Platforms,287.76,301.63,287.31,300.14,13374483
2022-09-29,META,Meta Platforms,299.63,310.05,299.48,307.9,17722824
2022-09-30,META,Meta Platforms,307.65,307.86,300.84,302.27,15767956
2022-10-03,META,Meta Platforms,298.05,304.52,297.83,304.38,11422734
2022-10-04,META,Meta Platforms,306.86,308.29,306.68,307.91,15567474
2022-10-05,META,Meta Platforms,308.72,310.22,302.87,303.49,22181466
2022-10-06,META,Meta Platforms,299.09,299.26,289.07,289.89,10711314
2022-10-07,META,Meta Platforms,291.6,293.97,290.91,293.93,17729256
2022-10-10,META,Meta Platforms,299.0,299.05,286.11,287.39,25046958
2022-10-11,META,Meta Platforms,289.03,293.96,287.41,293.18,18336191
2022-10-12,META,Meta Platforms,288.99,290.96,288.12,288.69,22738102
2022-10-13,META,Meta Platforms,285.59,288.58,285.12,286.3,18622735
2022-10-14,META,Meta Platforms,280.54,291.14,279.8,291.1,16417796
2022-10-17,META,Meta Platforms,293.27,293.39,286.46,288.92,18862309
2022-10-18,META,Meta Platforms,291.19,294.78,290.56,293.83,12489167
2022-10-19,META,Meta Platforms,293.02,298.49,292.35,297.41,20855429
2022-10-20,META,Meta Platforms,299.6,300.85,276.03,277.65,11933595
2022-10-21,META,Meta Platforms,272.97,282.26,272.37,282.09,23258356
2022-10-24,META,Meta Platforms,274.92,283.72,274.09,283.22,12968368
2022-10-25,META,Meta Platforms,285.63,288.02,285.15,287.43,8201227
2022-10-26,META,Meta Platforms,284.37,291.99,283.74,291.82,10424172
2022-10-27,META,Meta Platforms,293.82,295.89,291.31,292.27,10793254
2022-10-28,META,Meta Platforms,291.75,295.2,291.23,293.53,24375074
2022-10-31,META,Meta Platforms,286.89,295.78,286.54,294.6,9933525
2022-11-01,META,Meta Platforms,295.81,296.12,287.07,287.75,27631610
2022-11-02,META,Meta Platforms,284.52,300.55,284.37,299.15,10554793
2022-11-03,META,Meta Platforms,301.01,301.1,296.82,297.22,14418279
2022-11-04,META,Meta Platforms,301.25,302.31,285.03,287.13,16274977
2022-11-07,META,Meta Platforms,289.74,295.25,288.19,294.78,14223780
2022-11-08,META,Meta Platforms,292.57,293.92,287.59,289.9,28792585
2022-11-09,META,Meta Platforms,291.77,295.38,289.43,293.34,25299061
2022-11-10,META,Meta Platforms,291.38,293.28,290.95,292.16,16186426
2022-11-11,META,Meta Platforms,292.69,294.45,283.8,284.32,15915695
2022-11-14,META,Meta Platforms,287.56,287.59,280.47,281.06,16184890
2022-11-15,META,Meta Platforms,283.41,285.13,280.19,281.04,19593310
2022-11-16,META,Meta Platforms,283.77,285.16,273.19,275.73,17709600
2022-11-17,META,Meta Platforms,273.37,274.05,270.28,270.37,24902881
2022-11-18,META,Meta Platforms,266.61,268.55,257.14,257.4,10663090
2022-11-21,META,Meta Platforms,259.37,260.17,252.67,253.87,11537511
2022-11-22,META,Meta Platforms,253.99,254.65,248.43,248.52,11111271
2022-11-23,META,Meta Platforms,244.91,245.49,239.45,240.69,21448416
2022-11-24,META,Meta Platforms,240.01,241.46,239.07,239.1,9131395
2022-11-25,META,Meta Platforms,240.35,241.08,230.43,230.64,15258424
2022-11-28,META,Meta Platforms,230.81,231.35,229.39,229.65,19261150
2022-11-29,META,Meta Platforms,230.43,233.92,230.19,232.63,15101032
2022-11-30,META,Meta Platforms,230.84,237.15,229.49,236.48,14096276
2022-12-01,META,Meta Platforms,235.92,243.13,235.35,241.94,11183251
2022-12-02,META,Meta Platforms,242.56,242.9,239.54,241.08,15179605
2022-12-05,META,Meta Platforms,240.64,242.78,240.29,241.84,25531682
2022-12-06,META,Meta Platforms,242.92,243.7,237.76,238.01,12387985
2022-12-07,META,Meta Platforms,241.1,243.06,241.06,241.56,10612917
2022-12-08,META,Meta Platforms,245.15,256.0,244.6,255.83,16969553
2022-12-09,META,Meta Platforms,255.59,259.51,253.62,259.3,14376908
2022-12-12,META,Meta Platforms,254.65,256.86,253.91,256.15,14964195
2022-12-13,META,Meta Platforms,257.73,262.9,256.45,261.95,12647681
2022-12-14,META,Meta Platforms,257.81,259.43,255.14,255.55,26524247
2022-12-15,META,Meta Platforms,251.99,252.13,248.29,249.16,19217238
2022-12-16,META,Meta Platforms,251.22,251.69,239.45,239.82,11485397
2022-12-19,META,Meta Platforms,236.72,240.61,236.39,239.87,10677627
2022-12-20,META,Meta Platforms,237.94,243.16,235.78,242.0,11778208
2022-12-21,META,Meta Platforms,237.56,251.46,237.52,251.3,17534964
2022-12-22,META,Meta Platforms,251.51,257.07,251.19,256.95,19611280
2022-12-23,META,Meta Platforms,257.55,258.91,249.63,249.96,15764882
2022-12-26,META,Meta Platforms,249.09,250.11,248.09,249.02,18071809
2022-12-27,META,Meta Platforms,247.6,248.66,239.28,239.32,14393086
2022-12-28,META,Meta Platforms,238.7,248.18,238.54,247.84,11607848
2022-12-29,META,Meta Platforms,248.96,249.43,247.65,247.84,12435129
2022-12-30,META,Meta Platforms,250.2,252.5,248.71,252.36,12805145
2023-01-02,META,Meta Platforms,249.56,266.41,249.07,266.0,18396240
2023-01-03,META,Meta Platforms,264.44,285.06,263.82,283.92,8946703
2023-01-04,META,Meta Platforms,281.85,287.55,281.09,286.37,14506610
2023-01-05,META,Meta Platforms,283.19,284.21,279.47,279.71,11288856
2023-01-06,META,Meta Platforms,275.27,275.38,269.12,270.77,24090059
2023-01-09,META,Meta Platforms,271.04,280.6,270.09,279.47,25398651
2023-01-10,META,Meta Platforms,273.86,282.05,273.25,281.6,10362998
2023-01-11,META,Meta Platforms,282.52,294.33,280.72,293.49,15099900
2023-01-12,META,Meta Platforms,295.35,296.93,294.05,295.29,26165379
2023-01-13,META,Meta Platforms,297.47,298.45,295.16,295.62,10597708
2023-01-16,META,Meta Platforms,295.05,296.51,294.95,296.17,24281944
2023-01-17,META,Meta Platforms,297.26,306.81,296.82,306.31,20728465
2023-01-18,META,Meta Platforms,306.47,307.97,304.59,307.42,14229501
2023-01-19,META,Meta Platforms,311.36,313.32,299.26,299.8,28245583
2023-01-20,META,Meta Platforms,301.47,312.13,301.26,310.74,12668666
2023-01-23,META,Meta Platforms,314.56,316.56,302.34,303.43,27050829
2023-01-24,META,Meta Platforms,296.34,297.42,291.74,291.96,18776673
2023-01-25,META,Meta Platforms,291.12,294.02,290.01,293.11,21420876
2023-01-26,META,Meta Platforms,294.31,294.89,285.99,286.55,21884553
2023-01-27,META,Meta Platforms,286.99,288.14,277.78,277.99,14531507
2023-01-30,META,Meta Platforms,278.94,283.03,277.78,282.7,19781472
2023-01-31,META,Meta Platforms,279.48,280.15,277.14,277.35,17635485
2023-02-01,META,Meta Platforms,276.63,282.43,276.32,281.52,16974866
2023-02-02,META,Meta Platforms,280.85,282.54,277.66,277.96,18947922
2023-02-03,META,Meta Platforms,281.42,281.43,270.26,270.47,16323414
2023-02-06,META,Meta Platforms,269.8,274.74,269.65,274.51,23104131
2023-02-07,META,Meta Platforms,268.81,284.2,268.16,281.9,7058102
2023-02-08,META,Meta Platforms,282.06,291.04,280.85,289.99,37036044
2023-02-09,META,Meta Platforms,287.34,291.2,286.18,290.09,20904669
2023-02-10,META,Meta Platforms,290.4,294.19,289.53,293.74,19753899
2023-02-13,META,Meta Platforms,292.35,301.0,291.06,299.26,14103275
2023-02-14,META,Meta Platforms,299.94,300.89,296.76,297.74,28881065
2023-02-15,META,Meta Platforms,292.66,303.62,291.81,303.54,16143706
2023-02-16,META,Meta Platforms,300.76,306.8,299.94,306.54,22730078
2023-02-17,META,Meta Platforms,304.12,305.35,294.71,294.86,22091428
2023-02-20,META,Meta Platforms,293.88,294.75,289.2,289.62,15672990
2023-02-21,META,Meta Platforms,291.11,292.57,282.09,283.32,14423436
2023-02-22,META,Meta Platforms,286.5,287.31,266.86,268.14,23934474
2023-02-23,META,Meta Platforms,268.78,278.45,268.78,276.03,15042301
2023-02-24,META,Meta Platforms,279.98,281.09,278.2,278.91,17711725
2023-02-27,META,Meta Platforms,276.88,288.26,276.33,287.39,24965597
2023-02-28,META,Meta Platforms,297.19,297.31,285.98,286.4,12759639
2023-03-01,META,Meta Platforms,289.04,291.78,287.59,287.62,26477586
2023-03-02,META,Meta Platforms,289.17,289.68,282.02,283.64,35370040
2023-03-03,META,Meta Platforms,289.23,291.17,275.0,275.99,13678521
2023-03-06,META,Meta Platforms,279.06,288.43,278.4,285.95,16899226
2023-03-07,META,Meta Platforms,284.57,286.06,281.92,282.36,22230740
2023-03-08,META,Meta Platforms,286.94,287.87,284.86,284.94,12930775
2023-03-09,META,Meta Platforms,289.06,291.78,272.84,273.21,15444808
2023-03-10,META,Meta Platforms,269.18,269.94,267.68,268.03,18785684
2023-03-13,META,Meta Platforms,270.87,274.07,270.53,272.83,9856450
2023-03-14,META,Meta Platforms,273.29,274.98,265.35,266.5,14546305
2023-03-15,META,Meta Platforms,268.14,268.87,255.31,255.99,11724892
2023-03-16,META,Meta Platforms,258.67,260.29,258.62,260.11,10282981
2023-03-17,META,Meta Platforms,258.15,264.52,257.93,263.2,17810552
2023-03-20,META,Meta Platforms,265.47,266.2,265.23,265.7,25860012
2023-03-21,META,Meta Platforms,265.61,265.63,259.99,261.42,13295376
2023-03-22,META,Meta Platforms,258.73,267.93,258.66,267.39,12331600
2023-03-23,META,Meta Platforms,266.09,267.8,253.31,253.31,28184428
2023-03-24,META,Meta Platforms,252.61,256.02,251.89,255.24,23736309
2023-03-27,META,Meta Platforms,259.07,260.54,239.28,241.2,31586559
2023-03-28,META,Meta Platforms,244.04,247.32,243.83,246.59,9074671
2023-03-29,META,Meta Platforms,243.02,255.34,240.6,254.02,18524254
2023-03-30,META,Meta Platforms,253.75,254.97,244.43,245.08,15862825
2023-03-31,META,Meta Platforms,245.6,250.96,245.53,250.5,12860552
2023-04-03,META,Meta Platforms,254.6,255.24,242.91,243.57,12155179
2023-04-04,META,Meta Platforms,245.5,245.87,243.22,243.8,8274303
2023-04-05,META,Meta Platforms,244.34,245.61,243.25,244.42,17499909
2023-04-06,META,Meta Platforms,250.84,251.02,249.02,250.14,17496196
2023-04-07,META,Meta Platforms,253.1,256.83,252.44,255.69,18453165
2023-04-10,META,Meta Platforms,253.57,254.51,251.87,253.33,18548332
2023-04-11,META,Meta Platforms,252.37,252.71,248.13,248.23,16380455
2023-04-12,META,Meta Platforms,246.52,246.72,238.97,239.05,10455713
2023-04-13,META,Meta Platforms,235.8,237.57,235.61,237.12,13044673
2023-04-14,META,Meta Platforms,238.06,239.8,237.3,239.26,13161261
2023-04-17,META,Meta Platforms,241.46,249.4,240.8,249.25,10809062
2023-04-18,META,Meta Platforms,247.34,247.68,243.92,244.93,14331640
2023-04-19,META,Meta Platforms,243.67,244.91,237.24,237.83,16507165
2023-04-20,META,Meta Platforms,238.81,247.98,237.89,247.77,9358093
2023-04-21,META,Meta Platforms,250.54,255.8,248.29,253.72,11170767
2023-04-24,META,Meta Platforms,255.68,261.19,254.21,259.24,32034600
2023-04-25,META,Meta Platforms,258.75,258.79,249.62,250.71,15160342
2023-04-26,META,Meta Platforms,249.85,250.98,247.91,247.93,15771390
2023-04-27,META,Meta Platforms,248.6,250.63,247.62,248.86,13181962
2023-04-28,META,Meta Platforms,247.63,252.72,247.09,252.32,25639771
2023-05-01,META,Meta Platforms,250.58,255.77,250.57,255.57,16886646
2023-05-02,META,Meta Platforms,252.84,253.36,248.2,249.26,23029288
2023-05-03,META,Meta Platforms,253.46,254.58,243.52,244.48,10341489
2023-05-04,META,Meta Platforms,242.96,249.94,242.61,248.03,12584280
2023-05-05,META,Meta Platforms,249.52,249.94,244.75,247.02,15010787
2023-05-08,META,Meta Platforms,246.48,246.98,239.58,241.17,18684292
2023-05-09,META,Meta Platforms,239.56,241.85,238.9,241.66,21425540
2023-05-10,META,Meta Platforms,244.64,245.17,236.9,237.63,19112675
2023-05-11,META,Meta Platforms,238.14,244.1,237.3,243.52,15059333
2023-05-12,META,Meta Platforms,243.46,257.33,242.92,256.21,12129018
2023-05-15,META,Meta Platforms,255.16,255.73,251.9,252.67,27990349
2023-05-16,META,Meta Platforms,250.67,251.18,242.7,245.47,13666173
2023-05-17,META,Meta Platforms,243.07,244.45,242.99,243.34,8466454
2023-05-18,META,Meta Platforms,238.27,238.79,238.03,238.14,11264132
2023-05-19,META,Meta Platforms,239.81,240.49,236.05,236.47,14465866
2023-05-22,META,Meta Platforms,233.06,236.7,232.71,235.84,10740856
2023-05-23,META,Meta Platforms,236.87,237.43,227.72,228.88,16891452
2023-05-24,META,Meta Platforms,229.31,229.64,224.93,225.37,24241211
2023-05-25,META,Meta Platforms,226.9,230.98,226.52,230.74,10215072
2023-05-26,META,Meta Platforms,230.79,239.46,229.71,238.0,21325242
2023-05-29,META,Meta Platforms,234.6,237.32,234.16,237.03,14320608
2023-05-30,META,Meta Platforms,236.38,236.58,236.08,236.32,22624190
2023-05-31,META,Meta Platforms,236.85,237.02,221.27,222.06,14577404
2023-06-01,META,Meta Platforms,224.18,224.87,218.07,218.46,27974197
2023-06-02,META,Meta Platforms,218.89,220.44,218.8,219.53,17637071
2023-06-05,META,Meta Platforms,216.74,220.76,215.91,220.2,19731250
2023-06-06,META,Meta Platforms,217.79,218.29,215.94,217.88,28018611
2023-06-07,META,Meta Platforms,218.57,218.63,217.17,217.55,43995195
2023-06-08,META,Meta Platforms,220.5,221.29,216.59,216.67,27544980
2023-06-09,META,Meta Platforms,215.71,215.92,210.64,211.53,18338309
2023-06-12,META,Meta Platforms,211.64,214.2,211.06,213.78,15571906
2023-06-13,META,Meta Platforms,213.75,214.33,210.05,212.19,17705009
2023-06-14,META,Meta Platforms,214.97,215.85,211.58,212.68,12388597
2023-06-15,META,Meta Platforms,210.61,218.48,209.53,218.36,19833106
2023-06-16,META,Meta Platforms,217.24,220.54,216.81,219.38,27675613
2023-06-19,META,Meta Platforms,220.77,221.1,213.58,214.19,16952318
2023-06-20,META,Meta Platforms,217.87,219.25,212.82,212.87,23438261
2023-06-21,META,Meta Platforms,211.5,213.05,206.91,207.68,17031270
2023-06-22,META,Meta Platforms,211.35,211.47,205.25,205.53,23285226
2023-06-23,META,Meta Platforms,208.27,208.31,201.04,201.92,27943210
2023-06-26,META,Meta Platforms,198.85,199.78,198.08,198.28,15296439
2023-06-27,META,Meta Platforms,198.05,198.28,197.39,197.88,11722268
2023-06-28,META,Meta Platforms,195.82,197.08,195.48,196.02,12662939
2023-06-29,META,Meta Platforms,201.41,202.71,201.01,202.3,16341955
2023-06-30,META,Meta Platforms,203.65,212.54,202.4,210.96,8142078
2023-07-03,META,Meta Platforms,208.9,217.88,208.66,217.69,8545035
2023-07-04,META,Meta Platforms,221.0,221.56,211.09,212.55,20990207
2023-07-05,META,Meta Platforms,211.74,214.11,210.32,213.23,14262133
2023-07-06,META,Meta Platforms,213.75,215.12,207.74,207.95,13782079
2023-07-07,META,Meta Platforms,210.11,211.56,210.09,210.87,18279925
2023-07-10,META,Meta Platforms,207.98,208.47,206.46,207.19,31285893
2023-07-11,META,Meta Platforms,208.42,210.25,199.72,201.43,15705468
2023-07-12,META,Meta Platforms,200.57,208.78,199.16,207.85,15778301
2023-07-13,META,Meta Platforms,209.74,210.57,204.26,204.99,27179887
2023-07-14,META,Meta Platforms,207.69,208.57,207.28,208.02,12291381
2023-07-17,META,Meta Platforms,208.36,208.82,202.71,203.24,13095409
2023-07-18,META,Meta Platforms,201.67,202.12,199.22,199.57,16171488
2023-07-19,META,Meta Platforms,199.19,199.91,198.24,198.66,17721461
2023-07-20,META,Meta Platforms,202.77,203.56,189.72,190.26,15358581
2023-07-21,META,Meta Platforms,190.45,191.01,187.74,188.28,14324177
2023-07-24,META,Meta Platforms,186.66,194.16,186.36,193.14,25978178
2023-07-25,META,Meta Platforms,193.45,193.8,192.23,192.48,20954443
2023-07-26,META,Meta Platforms,190.55,192.79,190.19,192.63,18079974
2023-07-27,META,Meta Platforms,192.78,193.62,190.49,190.92,17925587
2023-07-28,META,Meta Platforms,192.35,194.87,191.99,194.3,23013647
2023-07-31,META,Meta Platforms,195.03,196.89,194.63,195.63,22212789
2023-08-01,META,Meta Platforms,196.16,201.81,195.98,200.85,16162929
2023-08-02,META,Meta Platforms,200.59,200.78,197.41,197.55,15180283
2023-08-03,META,Meta Platforms,200.7,201.39,198.64,198.99,11429476
2023-08-04,META,Meta Platforms,200.49,206.28,200.09,205.85,28514053
2023-08-07,META,Meta Platforms,204.28,207.35,202.67,207.18,10661192
2023-08-08,META,Meta Platforms,206.31,207.56,204.5,205.33,15993817
2023-08-09,META,Meta Platforms,207.24,213.58,207.06,211.98,13302482
2023-08-10,META,Meta Platforms,213.52,217.61,212.61,217.39,23383770
2023-08-11,META,Meta Platforms,216.15,216.29,210.99,211.37,23017325
2023-08-14,META,Meta Platforms,214.57,218.82,214.46,217.99,13600472
2023-08-15,META,Meta Platforms,219.08,219.18,214.8,215.28,14826807
2023-08-16,META,Meta Platforms,211.55,211.7,210.97,211.27,11139540
2023-08-17,META,Meta Platforms,214.84,215.02,206.19,207.61,13300076
2023-08-18,META,Meta Platforms,206.69,209.28,206.48,209.27,20801712
2023-08-21,META,Meta Platforms,209.75,210.29,207.31,207.47,16093409
2023-08-22,META,Meta Platforms,206.63,214.25,206.63,212.69,12421548
2023-08-23,META,Meta Platforms,213.55,213.79,206.26,206.61,9270013
2023-08-24,META,Meta Platforms,207.48,207.57,198.68,200.44,20557583
2023-08-25,META,Meta Platforms,199.75,203.74,198.52,203.57,17250207
2023-08-28,META,Meta Platforms,198.8,198.97,193.56,195.59,13791242
2023-08-29,META,Meta Platforms,195.71,196.28,183.62,184.04,12572802
2023-08-30,META,Meta Platforms,185.81,186.1,178.58,179.36,19759595
2023-08-31,META,Meta Platforms,180.66,182.46,180.42,180.73,19063777
2023-09-01,META,Meta Platforms,178.17,181.6,177.87,181.47,18497005
2023-09-04,META,Meta Platforms,180.8,181.53,176.62,177.24,17591476
2023-09-05,META,Meta Platforms,172.81,176.57,172.19,175.37,17566463
2023-09-06,META,Meta Platforms,174.65,175.14,172.95,173.42,23585879
2023-09-07,META,Meta Platforms,172.05,173.46,170.97,171.11,8693775
2023-09-08,META,Meta Platforms,173.31,173.67,166.05,167.07,7985569
2023-09-11,META,Meta Platforms,165.94,166.17,162.29,163.31,19762453
2023-09-12,META,Meta Platforms,163.43,166.15,162.36,166.07,24130762
2023-09-13,META,Meta Platforms,164.17,174.6,163.45,173.52,15040764
2023-09-14,META,Meta Platforms,174.83,176.07,172.19,172.8,35538889
2023-09-15,META,Meta Platforms,175.97,176.6,170.38,171.45,9504899
2023-09-18,META,Meta Platforms,171.39,171.63,169.63,170.04,20491589
2023-09-19,META,Meta Platforms,171.25,171.36,164.96,165.68,27390219
2023-09-20,META,Meta Platforms,167.52,169.24,163.81,164.4,16332444
2023-09-21,META,Meta Platforms,162.2,164.74,161.94,164.48,8504621
2023-09-22,META,Meta Platforms,162.8,163.08,154.44,155.31,24659050
2023-09-25,META,Meta Platforms,157.36,159.17,156.42,158.01,18068852
2023-09-26,META,Meta Platforms,157.1,160.66,156.06,160.38,16993986
2023-09-27,META,Meta Platforms,159.7,164.15,158.77,163.91,20978199
2023-09-28,META,Meta Platforms,161.91,162.76,157.97,158.51,9425149
2023-09-29,META,Meta Platforms,157.4,163.14,156.95,162.21,14413768
2023-10-02,META,Meta Platforms,160.88,164.45,160.76,164.23,13221589
2023-10-03,META,Meta Platforms,163.78,164.75,160.54,161.78,32479573
2023-10-04,META,Meta Platforms,159.55,165.68,158.85,165.58,10441648
2023-10-05,META,Meta Platforms,163.52,163.62,160.94,161.97,20450749
2023-10-06,META,Meta Platforms,163.11,166.49,163.04,166.18,15276009
2023-10-09,META,Meta Platforms,163.34,168.06,162.69,167.23,12987060
2023-10-10,META,Meta Platforms,165.19,172.43,164.85,171.66,13682539
2023-10-11,META,Meta Platforms,169.99,172.36,169.7,172.3,9243886
2023-10-12,META,Meta Platforms,172.7,173.24,170.58,171.01,23461810
2023-10-13,META,Meta Platforms,169.49,169.69,168.08,168.81,13524838
2023-10-16,META,Meta Platforms,169.06,169.75,162.74,163.09,9015308
2023-10-17,META,Meta Platforms,161.9,162.71,160.35,161.23,10997595
2023-10-18,META,Meta Platforms,162.2,162.49,158.91,159.69,12097374
2023-10-19,META,Meta Platforms,160.47,163.79,160.17,163.37,11062946
2023-10-20,META,Meta Platforms,156.63,162.62,155.93,162.51,20147591
2023-10-23,META,Meta Platforms,158.37,163.59,158.18,162.87,16843565
2023-10-24,META,Meta Platforms,162.21,162.8,156.07,157.49,15011953
2023-10-25,META,Meta Platforms,157.3,157.36,155.05,155.34,12434794
2023-10-26,META,Meta Platforms,153.34,157.5,152.96,157.34,12484018
2023-10-27,META,Meta Platforms,158.0,158.04,154.58,155.74,28931353
2023-10-30,META,Meta Platforms,156.92,159.01,156.82,158.94,9234758
2023-10-31,META,Meta Platforms,159.14,160.02,159.03,159.67,13333846
2023-11-01,META,Meta Platforms,158.9,162.46,158.73,161.16,28841878
2023-11-02,META,Meta Platforms,161.92,162.77,158.87,159.09,19719112
2023-11-03,META,Meta Platforms,161.72,164.05,161.14,163.55,21478771
2023-11-06,META,Meta Platforms,161.81,165.2,161.57,163.97,24149118
2023-11-07,META,Meta Platforms,162.86,163.82,157.47,157.65,14335718
2023-11-08,META,Meta Platforms,157.27,160.9,157.01,160.43,13627012
2023-11-09,META,Meta Platforms,164.18,165.74,158.11,158.98,13166393
2023-11-10,META,Meta Platforms,160.57,162.3,160.27,161.33,21286972
2023-11-13,META,Meta Platforms,162.81,164.15,161.55,162.77,19249028
2023-11-14,META,Meta Platforms,164.72,168.64,164.21,167.16,19281707
2023-11-15,META,Meta Platforms,164.57,168.85,164.44,168.6,15165984
2023-11-16,META,Meta Platforms,169.06,169.76,162.56,163.13,13905109
2023-11-17,META,Meta Platforms,164.29,175.59,163.71,174.77,14752959
2023-11-20,META,Meta Platforms,173.79,174.93,166.65,167.29,16548044
2023-11-21,META,Meta Platforms,165.46,178.98,164.97,178.92,10720275
2023-11-22,META,Meta Platforms,179.35,180.43,178.21,180.4,16333880
2023-11-23,META,Meta Platforms,180.79,185.35,180.6,184.58,17643022
2023-11-24,META,Meta Platforms,183.26,186.83,182.6,186.57,15188094
2023-11-27,META,Meta Platforms,187.71,188.15,183.66,184.36,10702151
2023-11-28,META,Meta Platforms,182.17,191.0,181.77,190.44,11879581
2023-11-29,META,Meta Platforms,187.34,195.61,186.88,194.73,25892534
2023-11-30,META,Meta Platforms,198.87,199.94,190.0,190.93,10158217
2023-12-01,META,Meta Platforms,195.77,196.35,183.72,183.73,12434513
2023-12-04,META,Meta Platforms,184.21,194.5,183.33,192.43,18642990
2023-12-05,META,Meta Platforms,194.17,194.95,190.67,192.56,16020332
2023-12-06,META,Meta Platforms,192.7,193.07,182.53,183.08,14041966
2023-12-07,META,Meta Platforms,183.02,189.28,182.05,188.62,22077814
2023-12-08,META,Meta Platforms,188.55,193.86,187.37,193.25,14966667
2023-12-11,META,Meta Platforms,192.32,195.98,192.3,195.68,15529010
2023-12-12,META,Meta Platforms,193.72,200.93,193.55,200.51,22465729
2023-12-13,META,Meta Platforms,202.72,204.3,200.12,201.05,26341394
2023-12-14,META,Meta Platforms,203.08,203.23,191.94,192.0,21024902
2023-12-15,META,Meta Platforms,192.35,201.22,192.26,200.38,25203851
2023-12-18,META,Meta Platforms,200.08,203.23,199.77,202.93,23537508
2023-12-19,META,Meta Platforms,202.11,202.93,192.98,193.66,10450475
2023-12-20,META,Meta Platforms,196.29,197.11,190.63,191.81,17784833
2023-12-21,META,Meta Platforms,193.43,197.05,192.48,196.14,14275910
2023-12-22,META,Meta Platforms,193.61,198.7,192.11,197.42,17494664
2023-12-25,META,Meta Platforms,196.39,196.55,192.12,193.24,10669898
2023-12-26,META,Meta Platforms,194.24,199.65,193.78,199.49,21439968
2023-12-27,META,Meta Platforms,197.99,202.53,197.89,201.28,19330008
2023-12-28,META,Meta Platforms,202.91,207.5,202.61,207.42,9695949
2023-12-29,META,Meta Platforms,208.47,210.56,208.1,209.99,10536729
2024-01-01,META,Meta Platforms,210.5,215.82,209.85,214.01,15858387
2024-01-02,META,Meta Platforms,214.03,220.99,213.75,219.03,13823700
2024-01-03,META,Meta Platforms,216.16,242.75,216.02,240.37,21054090
2024-01-04,META,Meta Platforms,243.77,244.75,232.2,232.62,28849865
2024-01-05,META,Meta Platforms,235.82,236.78,230.47,231.66,12194485
2024-01-08,META,Meta Platforms,232.77,240.9,232.61,239.8,20156783
2024-01-09,META,Meta Platforms,242.0,245.46,241.13,244.96,19969272
2024-01-10,META,Meta Platforms,246.34,248.4,239.86,240.38,11120853
2024-01-11,META,Meta Platforms,238.15,250.51,237.46,250.22,15045772
2024-01-12,META,Meta Platforms,248.21,249.1,247.57,248.93,16382407
2024-01-15,META,Meta Platforms,243.78,252.53,243.54,251.49,19245681
2024-01-16,META,Meta Platforms,251.38,254.04,250.81,253.44,8822371
2024-01-17,META,Meta Platforms,252.89,255.4,240.79,241.19,12988553
2024-01-18,META,Meta Platforms,241.2,247.14,240.27,246.75,18878299
2024-01-19,META,Meta Platforms,248.06,248.11,235.08,235.72,14456230
2024-01-22,META,Meta Platforms,235.43,236.57,234.66,234.77,26143939
2024-01-23,META,Meta Platforms,231.55,237.89,230.28,236.54,15909609
2024-01-24,META,Meta Platforms,237.01,243.65,236.29,242.34,15096934
2024-01-25,META,Meta Platforms,247.51,252.99,247.02,251.16,7705996
2024-01-26,META,Meta Platforms,249.44,257.16,248.76,256.88,22354933
2024-01-29,META,Meta Platforms,253.56,254.71,240.32,241.02,6140918
2024-01-30,META,Meta Platforms,240.9,247.14,240.35,246.59,34878838
2024-01-31,META,Meta Platforms,248.95,249.42,246.13,246.69,8220099
2024-02-01,META,Meta Platforms,246.83,247.04,242.2,242.72,16841978
2024-02-02,META,Meta Platforms,241.85,243.5,236.89,237.82,19041529
2024-02-05,META,Meta Platforms,234.87,243.32,233.07,242.95,17402617
2024-02-06,META,Meta Platforms,238.41,239.48,233.57,235.25,13394242
2024-02-07,META,Meta Platforms,238.19,246.12,237.62,245.75,15249384
2024-02-08,META,Meta Platforms,247.01,248.14,234.78,235.3,20628910
2024-02-09,META,Meta Platforms,233.85,235.17,232.46,232.68,19106436
2024-02-12,META,Meta Platforms,235.48,236.6,223.07,224.13,9193460
2024-02-13,META,Meta Platforms,217.04,219.08,216.38,218.55,14855943
2024-02-14,META,Meta Platforms,219.28,219.55,216.53,216.89,17896715
2024-02-15,META,Meta Platforms,216.92,217.97,214.29,215.25,21514792
2024-02-16,META,Meta Platforms,220.41,221.12,213.58,214.27,11925698
2024-02-19,META,Meta Platforms,213.93,214.25,212.24,213.7,8986217
2024-02-20,META,Meta Platforms,213.9,214.59,201.26,202.16,22437020
2024-02-21,META,Meta Platforms,204.7,205.44,196.66,197.55,15020992
2024-02-22,META,Meta Platforms,197.05,201.55,197.01,200.35,22002396
2024-02-23,META,Meta Platforms,200.21,206.58,199.88,204.67,24499676
2024-02-26,META,Meta Platforms,202.99,208.71,201.72,208.52,11922799
2024-02-27,META,Meta Platforms,207.71,208.18,202.53,203.46,13234075
2024-02-28,META,Meta Platforms,201.09,201.57,198.0,198.26,17823760
2024-02-29,META,Meta Platforms,199.56,199.63,190.99,193.39,11176792
2024-03-01,META,Meta Platforms,197.16,197.34,194.18,194.2,16588595
2024-03-04,META,Meta Platforms,192.84,193.0,186.37,186.54,17492958
2024-03-05,META,Meta Platforms,184.36,184.62,183.1,183.3,19952435
2024-03-06,META,Meta Platforms,183.31,185.43,183.1,184.37,18411819
2024-03-07,META,Meta Platforms,187.7,188.67,185.32,186.0,12978683
2024-03-08,META,Meta Platforms,187.95,195.96,187.89,195.24,15236005
2024-03-11,META,Meta Platforms,195.49,198.33,195.02,197.74,12341613
2024-03-12,META,Meta Platforms,196.18,201.63,196.16,201.11,14372077
2024-03-13,META,Meta Platforms,199.11,200.45,198.39,199.39,13437222
2024-03-14,META,Meta Platforms,194.71,203.76,193.3,203.63,16775192
2024-03-15,META,Meta Platforms,200.79,208.49,199.73,206.97,14694698
2024-03-18,META,Meta Platforms,207.53,216.12,206.79,214.99,18539279
2024-03-19,META,Meta Platforms,214.45,215.22,206.49,206.57,11508822
2024-03-20,META,Meta Platforms,208.3,209.06,195.14,196.21,14881913
2024-03-21,META,Meta Platforms,192.91,195.42,192.68,194.97,25257882
2024-03-22,META,Meta Platforms,191.1,198.35,190.83,198.15,17833640
2024-03-25,META,Meta Platforms,197.43,197.86,194.64,194.88,10508946
2024-03-26,META,Meta Platforms,195.41,204.94,194.28,204.2,7390457
2024-03-27,META,Meta Platforms,203.59,205.16,202.68,205.02,13445699
2024-03-28,META,Meta Platforms,208.06,208.37,196.81,197.64,16597850
2024-03-29,META,Meta Platforms,193.79,195.18,193.31,194.91,14654311
2024-04-01,META,Meta Platforms,193.66,199.29,193.46,199.24,14452773
2024-04-02,META,Meta Platforms,200.05,200.1,198.52,198.76,17736549
2024-04-03,META,Meta Platforms,194.15,194.54,192.68,193.01,10319842
2024-04-04,META,Meta Platforms,191.15,191.88,190.54,190.97,16510389
2024-04-05,META,Meta Platforms,194.94,197.76,194.52,196.4,17659218
2024-04-08,META,Meta Platforms,199.55,201.49,199.38,200.96,15869980
2024-04-09,META,Meta Platforms,198.98,200.9,198.97,200.11,16122461
2024-04-10,META,Meta Platforms,199.42,200.21,195.42,196.88,9758905
2024-04-11,META,Meta Platforms,193.75,198.42,193.16,197.58,17871858
2024-04-12,META,Meta Platforms,198.91,201.77,198.76,200.48,26105731
2024-04-15,META,Meta Platforms,204.27,204.71,200.86,201.15,22118205
2024-04-16,META,Meta Platforms,201.6,205.97,200.98,205.55,11280813
2024-04-17,META,Meta Platforms,206.77,208.03,204.95,205.03,12441957
2024-04-18,META,Meta Platforms,207.18,208.49,196.55,197.18,27405840
2024-04-19,META,Meta Platforms,193.95,197.58,192.87,197.33,29790728
2024-04-22,META,Meta Platforms,196.82,200.15,195.54,199.27,14431962
2024-04-23,META,Meta Platforms,197.86,198.91,192.47,193.75,17479775
2024-04-24,META,Meta Platforms,193.87,195.95,193.2,195.92,12102506
2024-04-25,META,Meta Platforms,200.77,200.91,193.08,193.43,18837219
2024-04-26,META,Meta Platforms,195.47,196.13,194.22,196.12,9321499
2024-04-29,META,Meta Platforms,195.28,201.98,194.98,200.78,9902023
2024-04-30,META,Meta Platforms,201.02,209.05,199.98,209.01,18641081
2024-05-01,META,Meta Platforms,211.93,213.19,205.79,205.84,16262574
2024-05-02,META,Meta Platforms,208.27,210.23,206.43,209.48,15604018
2024-05-03,META,Meta Platforms,206.97,208.74,206.2,207.95,21002002
2024-05-06,META,Meta Platforms,211.33,213.0,210.85,212.6,30344657
2024-05-07,META,Meta Platforms,210.85,211.41,210.14,210.47,47196700
2024-05-08,META,Meta Platforms,210.72,211.27,208.58,209.01,33809439
2024-05-09,META,Meta Platforms,207.01,208.97,205.0,208.74,17124617
2024-05-10,META,Meta Platforms,210.18,211.57,207.87,208.37,12539730
2024-05-13,META,Meta Platforms,204.83,205.99,203.69,203.95,22120350
2024-05-14,META,Meta Platforms,204.96,207.2,196.56,198.08,13342762
2024-05-15,META,Meta Platforms,195.41,196.01,194.51,194.8,19089604
2024-05-16,META,Meta Platforms,192.48,192.73,188.94,190.21,33282134
2024-05-17,META,Meta Platforms,187.76,187.76,177.78,178.0,8236232
2024-05-20,META,Meta Platforms,180.74,181.78,180.07,180.43,19109316
2024-05-21,META,Meta Platforms,179.18,180.74,178.81,179.89,19652001
2024-05-22,META,Meta Platforms,182.12,182.52,171.36,171.94,25101793
2024-05-23,META,Meta Platforms,171.73,172.65,169.33,170.03,13223016
2024-05-24,META,Meta Platforms,170.17,178.67,169.71,178.4,26826556
2024-05-27,META,Meta Platforms,173.95,175.08,173.77,174.78,12706718
2024-05-28,META,Meta Platforms,178.93,178.96,171.77,172.57,13387301
2024-05-29,META,Meta Platforms,172.44,172.64,171.71,172.04,27429053
2024-05-30,META,Meta Platforms,171.44,171.87,167.08,167.59,10985525
2024-05-31,META,Meta Platforms,168.89,168.99,163.36,163.65,16014437
2024-06-03,META,Meta Platforms,162.81,169.17,161.82,168.14,22004723
2024-06-04,META,Meta Platforms,166.75,168.93,165.84,168.87,19110300
2024-06-05,META,Meta Platforms,166.96,169.7,166.0,169.6,13948758
2024-06-06,META,Meta Platforms,167.62,168.74,167.34,168.72,15306107
2024-06-07,META,Meta Platforms,165.81,172.97,164.89,172.64,16711492
2024-06-10,META,Meta Platforms,174.93,175.32,171.3,171.75,18642249
2024-06-11,META,Meta Platforms,171.35,171.35,168.35,169.28,33603257
2024-06-12,META,Meta Platforms,168.41,168.98,167.27,167.59,20850058
2024-06-13,META,Meta Platforms,165.94,166.47,164.76,165.42,24828101
2024-06-14,META,Meta Platforms,162.46,165.32,162.39,165.11,19130885
2024-06-17,META,Meta Platforms,166.03,166.19,162.55,163.05,14602543
2024-06-18,META,Meta Platforms,160.63,165.94,159.79,164.72,12514635
2024-06-19,META,Meta Platforms,163.3,163.55,156.83,156.89,11190336
2024-06-20,META,Meta Platforms,154.49,161.25,153.92,160.97,12941020
2024-06-21,META,Meta Platforms,161.78,165.77,161.48,165.62,22835094
2024-06-24,META,Meta Platforms,164.9,171.67,164.35,171.46,24251287
2024-06-25,META,Meta Platforms,171.37,175.74,170.54,174.5,19809424
2024-06-26,META,Meta Platforms,177.09,177.39,173.06,173.68,9615437
2024-06-27,META,Meta Platforms,174.84,176.82,173.8,176.0,10720241
2024-06-28,META,Meta Platforms,174.55,181.91,174.49,181.46,21092655
2024-07-01,META,Meta Platforms,180.99,183.59,180.95,183.3,17661716
2024-07-02,META,Meta Platforms,182.52,189.75,181.57,189.24,14905981
2024-07-03,META,Meta Platforms,187.11,195.81,186.53,194.47,14263145
2024-07-04,META,Meta Platforms,191.38,196.07,190.63,196.06,20673774
2024-07-05,META,Meta Platforms,194.97,195.68,193.53,193.85,10243295
2024-07-08,META,Meta Platforms,193.87,194.99,193.15,193.5,22959003
2024-07-09,META,Meta Platforms,197.07,198.06,196.43,196.67,19358757
2024-07-10,META,Meta Platforms,192.57,200.96,191.73,200.8,17380838
2024-07-11,META,Meta Platforms,201.64,202.15,191.76,192.92,7476483
2024-07-12,META,Meta Platforms,193.95,202.72,192.87,201.3,16979013
2024-07-15,META,Meta Platforms,205.9,206.3,201.9,202.3,15627790
2024-07-16,META,Meta Platforms,203.17,204.07,200.9,201.26,14616788
2024-07-17,META,Meta Platforms,199.88,200.22,196.42,196.85,15505785
2024-07-18,META,Meta Platforms,198.3,199.67,193.66,193.79,16067095
2024-07-19,META,Meta Platforms,191.24,194.79,191.1,194.36,18313712
2024-07-22,META,Meta Platforms,194.25,194.84,193.17,193.72,20904791
2024-07-23,META,Meta Platforms,190.16,201.49,189.44,201.32,9884806
2024-07-24,META,Meta Platforms,196.47,199.09,196.29,198.31,14982042
2024-07-25,META,Meta Platforms,198.48,199.41,191.66,192.17,20469398
2024-07-26,META,Meta Platforms,193.33,193.4,182.75,183.4,13677777
2024-07-29,META,Meta Platforms,181.95,194.23,181.95,193.8,17582375
2024-07-30,META,Meta Platforms,192.62,194.05,192.19,192.4,10310168
2024-07-31,META,Meta Platforms,193.79,197.27,193.45,196.88,10816621
2024-08-01,META,Meta Platforms,198.2,201.23,197.87,201.1,8730996
2024-08-02,META,Meta Platforms,201.7,202.25,198.71,199.06,14855471
2024-08-05,META,Meta Platforms,195.24,199.54,195.22,199.32,13537614
2024-08-06,META,Meta Platforms,198.29,199.13,196.23,197.17,16657203
2024-08-07,META,Meta Platforms,198.41,198.71,198.03,198.47,17175506
2024-08-08,META,Meta Platforms,197.32,201.81,197.17,201.32,7101337
2024-08-09,META,Meta Platforms,200.06,209.94,199.55,209.47,17912434
2024-08-12,META,Meta Platforms,210.78,211.31,207.2,208.28,19077690
2024-08-13,META,Meta Platforms,206.24,206.77,194.31,194.41,29531391
2024-08-14,META,Meta Platforms,192.93,201.71,192.73,200.91,7932027
2024-08-15,META,Meta Platforms,197.95,205.24,197.94,204.9,12283510
2024-08-16,META,Meta Platforms,206.23,212.49,206.02,212.13,9153983
2024-08-19,META,Meta Platforms,213.94,215.29,205.53,206.04,17441204
2024-08-20,META,Meta Platforms,204.9,207.18,204.74,205.93,9831115
2024-08-21,META,Meta Platforms,205.12,205.18,201.15,201.2,17264367
2024-08-22,META,Meta Platforms,201.1,201.27,197.21,197.62,19440934
2024-08-23,META,Meta Platforms,196.26,197.45,192.91,193.43,37722513
2024-08-26,META,Meta Platforms,195.96,196.43,189.07,189.96,15628693
2024-08-27,META,Meta Platforms,193.74,194.43,180.81,180.99,23574634
2024-08-28,META,Meta Platforms,182.79,185.6,182.07,185.4,23309663
2024-08-29,META,Meta Platforms,186.98,194.03,186.21,193.47,11753799
2024-08-30,META,Meta Platforms,191.31,201.78,190.45,200.73,35078133
2024-09-02,META,Meta Platforms,200.56,200.86,194.61,195.61,14379893
2024-09-03,META,Meta Platforms,198.52,199.57,197.72,197.79,21372548
2024-09-04,META,Meta Platforms,198.03,198.62,195.94,196.07,15072985
2024-09-05,META,Meta Platforms,196.91,201.21,196.25,200.39,11374185
2024-09-06,META,Meta Platforms,198.22,199.76,197.73,199.7,19099046
2024-09-09,META,Meta Platforms,202.47,203.29,191.17,191.77,13507932
2024-09-10,META,Meta Platforms,191.31,197.69,190.12,196.09,15578171
2024-09-11,META,Meta Platforms,193.41,196.08,192.79,195.43,19629274
2024-09-12,META,Meta Platforms,195.22,195.88,186.67,187.82,37096815
2024-09-13,META,Meta Platforms,184.99,190.31,184.64,189.43,21296284
2024-09-16,META,Meta Platforms,189.16,190.47,188.76,189.15,30043507
2024-09-17,META,Meta Platforms,186.97,187.83,186.77,187.58,11695735
2024-09-18,META,Meta Platforms,188.97,191.41,188.38,189.62,14883232
2024-09-19,META,Meta Platforms,187.63,188.64,186.32,186.77,11995119
2024-09-20,META,Meta Platforms,186.71,190.61,186.35,189.83,20675560
2024-09-23,META,Meta Platforms,189.14,190.16,185.73,186.1,12317829
2024-09-24,META,Meta Platforms,181.74,196.2,180.76,195.51,15382729
2024-09-25,META,Meta Platforms,194.32,195.47,191.87,192.09,14008546
2024-09-26,META,Meta Platforms,193.52,194.68,189.55,190.27,14623588
2024-09-27,META,Meta Platforms,186.82,199.99,186.79,199.5,14278480
2024-09-30,META,Meta Platforms,202.42,203.59,200.55,201.15,29018036
2024-10-01,META,Meta Platforms,199.61,206.83,199.3,205.34,13792706
2024-10-02,META,Meta Platforms,208.43,209.14,204.68,204.69,13987764
2024-10-03,META,Meta Platforms,203.38,205.65,197.29,197.62,12709393
2024-10-04,META,Meta Platforms,196.84,201.11,196.26,200.99,12629464
2024-10-07,META,Meta Platforms,200.7,200.7,199.7,200.67,16632027
2024-10-08,META,Meta Platforms,199.86,207.4,198.14,206.43,12820378
2024-10-09,META,Meta Platforms,208.87,216.53,208.18,215.92,21357762
2024-10-10,META,Meta Platforms,216.36,217.05,209.82,210.32,17534838
2024-10-11,META,Meta Platforms,208.83,213.16,208.37,212.73,17868868
2024-10-14,META,Meta Platforms,215.25,216.31,210.07,210.67,23410611
2024-10-15,META,Meta Platforms,207.98,209.33,204.89,205.3,19484440
2024-10-16,META,Meta Platforms,210.01,217.35,209.63,216.76,14215221
2024-10-17,META,Meta Platforms,217.17,223.26,215.84,222.75,24658119
2024-10-18,META,Meta Platforms,223.72,224.53,218.06,219.64,41834565
2024-10-21,META,Meta Platforms,217.53,218.0,214.48,214.75,7450512
2024-10-22,META,Meta Platforms,212.72,213.25,210.63,211.18,15017534
2024-10-23,META,Meta Platforms,211.93,212.46,210.77,212.02,11054626
2024-10-24,META,Meta Platforms,212.89,225.55,211.82,225.18,11445673
2024-10-25,META,Meta Platforms,223.35,235.67,223.26,234.37,8572089
2024-10-28,META,Meta Platforms,233.67,237.24,233.32,235.37,13426247
2024-10-29,META,Meta Platforms,232.05,232.52,230.22,231.45,18184548
2024-10-30,META,Meta Platforms,230.69,230.77,226.94,226.95,25958005
2024-10-31,META,Meta Platforms,226.55,228.4,226.28,227.48,17443209
2024-11-01,META,Meta Platforms,229.24,231.2,229.03,230.81,21143130
2024-11-04,META,Meta Platforms,230.5,231.77,229.83,230.38,14348003
2024-11-05,META,Meta Platforms,234.16,235.41,233.37,234.34,10816533
2024-11-06,META,Meta Platforms,232.96,236.11,232.76,234.94,14207171
2024-11-07,META,Meta Platforms,234.28,236.03,232.6,235.35,12047222
2024-11-08,META,Meta Platforms,231.39,233.6,229.68,229.75,24382660
2024-11-11,META,Meta Platforms,229.21,230.02,222.03,222.74,9683518
2024-11-12,META,Meta Platforms,220.31,221.48,209.36,210.58,22812119
2024-11-13,META,Meta Platforms,215.33,216.16,212.21,212.23,15772825
2024-11-14,META,Meta Platforms,213.47,221.67,213.36,220.35,21574960
2024-11-15,META,Meta Platforms,221.77,222.28,210.53,211.26,8923892
2024-11-18,META,Meta Platforms,207.59,209.6,207.21,209.46,15989173
2024-11-19,META,Meta Platforms,212.79,214.06,204.31,204.95,16407297
2024-11-20,META,Meta Platforms,201.91,207.1,201.46,206.34,6503670
2024-11-21,META,Meta Platforms,209.55,210.72,198.42,198.49,23197226
2024-11-22,META,Meta Platforms,201.57,202.09,192.93,193.7,12512681
2024-11-25,META,Meta Platforms,193.01,194.08,190.44,190.52,24725881
2024-11-26,META,Meta Platforms,189.93,192.39,188.56,191.82,13063200
2024-11-27,META,Meta Platforms,193.78,194.37,190.01,190.54,24077396
2024-11-28,META,Meta Platforms,193.22,200.96,193.16,199.99,12770050
2024-11-29,META,Meta Platforms,199.97,202.24,199.31,201.9,17110265
2024-12-02,META,Meta Platforms,199.83,200.44,195.59,195.63,17904178
2024-12-03,META,Meta Platforms,192.97,194.07,190.51,191.72,18226677
2024-12-04,META,Meta Platforms,189.58,198.43,187.98,197.73,20700541
2024-12-05,META,Meta Platforms,200.92,201.04,195.64,195.69,13548409
2024-12-06,META,Meta Platforms,194.63,194.7,192.93,194.18,15090142
2024-12-09,META,Meta Platforms,195.4,198.1,193.84,197.93,9024195
2024-12-10,META,Meta Platforms,201.19,205.21,200.37,204.96,16191394
2024-12-11,META,Meta Platforms,203.92,205.71,203.14,205.04,21701181
2024-12-12,META,Meta Platforms,201.1,205.3,198.54,203.2,13871253
2024-12-13,META,Meta Platforms,200.81,201.42,197.78,197.88,13653188
2024-12-16,META,Meta Platforms,199.82,200.9,198.91,200.44,55629645
2024-12-17,META,Meta Platforms,199.21,199.46,197.81,197.92,7401511
2024-12-18,META,Meta Platforms,199.19,199.23,195.55,196.43,20257874
2024-12-19,META,Meta Platforms,196.32,197.32,193.91,195.25,16190215
2024-12-20,META,Meta Platforms,191.46,194.47,191.06,194.11,8219129
2024-12-23,META,Meta Platforms,194.5,200.29,194.02,199.27,15425863
2024-12-24,META,Meta Platforms,196.84,203.64,196.55,201.99,12079944
2024-12-25,META,Meta Platforms,197.09,197.21,194.59,196.14,18281008
2024-12-26,META,Meta Platforms,193.41,195.65,193.38,195.03,13091765
2024-12-27,META,Meta Platforms,190.45,200.97,189.05,198.79,20698482
2024-12-30,META,Meta Platforms,197.72,197.83,193.98,195.18,25032222
2024-12-31,META,Meta Platforms,194.55,197.4,194.33,196.72,13296983
2022-01-03,AAPL,Apple,178.09,178.88,174.07,174.26,15927915
2022-01-04,AAPL,Apple,175.67,176.2,174.44,175.44,15895466
2022-01-05,AAPL,Apple,174.35,177.75,173.53,176.57,9840101
2022-01-06,AAPL,Apple,176.8,177.91,173.02,173.14,12548644
2022-01-07,AAPL,Apple,176.58,176.87,173.29,173.81,8594204
2022-01-10,AAPL,Apple,173.28,176.35,172.89,175.25,18685492
2022-01-11,AAPL,Apple,175.44,177.19,174.81,176.89,12938745
2022-01-12,AAPL,Apple,175.85,182.64,175.08,182.33,11233131
2022-01-13,AAPL,Apple,181.25,185.23,180.91,184.64,22138732
2022-01-14,AAPL,Apple,184.66,185.1,181.23,182.03,13878188
2022-01-17,AAPL,Apple,180.87,181.41,178.1,178.24,15772708
2022-01-18,AAPL,Apple,178.95,180.36,168.7,169.14,24088413
2022-01-19,AAPL,Apple,168.7,170.12,168.43,168.82,8113997
2022-01-20,AAPL,Apple,169.19,169.27,166.58,167.36,12228008
2022-01-21,AAPL,Apple,166.02,168.71,165.84,168.57,22682698
2022-01-24,AAPL,Apple,167.53,170.79,167.19,169.95,11660875
2022-01-25,AAPL,Apple,168.58,168.74,167.21,168.37,8095760
2022-01-26,AAPL,Apple,170.1,171.54,169.39,170.9,27214427
2022-01-27,AAPL,Apple,172.95,173.61,172.25,172.5,13750191
2022-01-28,AAPL,Apple,172.51,175.26,171.84,175.01,28215432
2022-01-31,AAPL,Apple,175.45,175.87,174.46,175.82,13365851
2022-02-01,AAPL,Apple,174.74,180.1,174.02,180.09,18182284
2022-02-02,AAPL,Apple,178.68,178.75,174.78,175.27,16309341
2022-02-03,AAPL,Apple,176.52,177.35,170.21,170.69,8420880
2022-02-04,AAPL,Apple,168.28,168.88,168.14,168.79,20648260
2022-02-07,AAPL,Apple,168.59,169.4,167.81,168.88,18136513
2022-02-08,AAPL,Apple,169.65,172.19,168.98,171.21,14874918
2022-02-09,AAPL,Apple,171.9,173.36,171.18,172.42,12304170
2022-02-10,AAPL,Apple,173.15,173.29,167.72,169.33,22923095
2022-02-11,AAPL,Apple,169.29,174.46,169.19,173.06,12700342
2022-02-14,AAPL,Apple,174.6,179.09,174.26,178.61,21489897
2022-02-15,AAPL,Apple,179.25,183.81,178.72,183.59,7005547
2022-02-16,AAPL,Apple,184.38,184.43,181.53,181.58,10553668
2022-02-17,AAPL,Apple,180.36,182.82,179.27,182.17,17622455
2022-02-18,AAPL,Apple,179.89,180.64,178.65,178.95,13328473
2022-02-21,AAPL,Apple,177.68,177.78,174.45,175.72,23609498
2022-02-22,AAPL,Apple,173.93,174.5,173.18,173.45,13949677
2022-02-23,AAPL,Apple,174.37,175.26,171.87,172.05,28184492
2022-02-24,AAPL,Apple,170.49,170.75,168.56,168.94,14498618
2022-02-25,AAPL,Apple,169.04,171.72,168.22,171.15,20153467
2022-02-28,AAPL,Apple,170.05,173.4,169.43,172.81,15855229
2022-03-01,AAPL,Apple,173.91,176.14,173.54,175.85,22790952
2022-03-02,AAPL,Apple,175.52,176.43,174.81,176.32,14240569
2022-03-03,AAPL,Apple,178.53,179.01,175.37,175.78,19917008
2022-03-04,AAPL,Apple,177.03,177.45,175.52,176.03,12175034
2022-03-07,AAPL,Apple,177.24,177.79,175.46,175.73,27740797
2022-03-08,AAPL,Apple,176.72,176.85,174.65,174.81,20269014
2022-03-09,AAPL,Apple,176.02,176.24,168.34,170.13,16686908
2022-03-10,AAPL,Apple,167.45,168.25,164.33,164.76,10520358
2022-03-11,AAPL,Apple,164.43,164.9,162.6,163.11,14917947
2022-03-14,AAPL,Apple,163.49,164.62,162.79,164.4,15406247
2022-03-15,AAPL,Apple,163.85,164.07,158.93,159.64,16915629
2022-03-16,AAPL,Apple,159.46,161.62,159.31,161.25,11398603
2022-03-17,AAPL,Apple,161.64,162.76,160.5,161.93,11179256
2022-03-18,AAPL,Apple,161.98,162.11,159.99,160.01,16387225
2022-03-21,AAPL,Apple,159.59,160.34,159.2,159.52,9272081
2022-03-22,AAPL,Apple,159.95,163.92,158.76,162.62,17962222
2022-03-23,AAPL,Apple,163.66,164.44,161.49,162.22,20693089
2022-03-24,AAPL,Apple,162.68,164.07,162.52,163.89,21717185
2022-03-25,AAPL,Apple,163.35,163.76,161.45,161.59,15407990
2022-03-28,AAPL,Apple,160.55,162.24,159.9,162.16,8422476
2022-03-29,AAPL,Apple,162.5,163.03,161.27,162.15,24821345
2022-03-30,AAPL,Apple,161.97,164.94,161.77,163.96,28398396
2022-03-31,AAPL,Apple,162.82,162.84,162.34,162.57,19977874
2022-04-01,AAPL,Apple,162.76,162.79,159.73,160.49,15851625
2022-04-04,AAPL,Apple,160.49,161.33,157.8,158.25,11483745
2022-04-05,AAPL,Apple,157.42,157.73,154.52,155.76,7058396
2022-04-06,AAPL,Apple,155.49,156.0,153.57,153.58,15433996
2022-04-07,AAPL,Apple,154.95,156.67,154.79,156.07,25495162
2022-04-08,AAPL,Apple,154.37,154.6,151.98,152.11,26038186
2022-04-11,AAPL,Apple,150.96,152.34,150.2,152.07,15118954
2022-04-12,AAPL,Apple,152.34,152.94,151.57,152.58,23104470
2022-04-13,AAPL,Apple,150.86,152.2,150.49,152.13,28904131
2022-04-14,AAPL,Apple,152.52,153.4,151.47,152.3,23890322
2022-04-15,AAPL,Apple,155.15,156.57,154.92,156.06,19993682
2022-04-18,AAPL,Apple,155.44,155.48,148.94,149.49,19034094
2022-04-19,AAPL,Apple,150.33,150.82,149.03,149.43,12567256
2022-04-20,AAPL,Apple,150.17,152.16,149.43,151.46,23505289
2022-04-21,AAPL,Apple,150.22,151.06,149.4,150.7,13400242
2022-04-22,AAPL,Apple,149.88,150.73,148.48,149.51,33295710
2022-04-25,AAPL,Apple,149.74,153.62,149.72,153.15,14213478
2022-04-26,AAPL,Apple,153.27,157.45,152.72,157.09,20075650
2022-04-27,AAPL,Apple,159.28,160.38,157.09,157.1,12161298
2022-04-28,AAPL,Apple,155.92,159.77,155.78,159.35,11767772
2022-04-29,AAPL,Apple,161.62,162.29,159.91,161.05,11064778
2022-05-02,AAPL,Apple,160.57,162.87,159.89,162.67,18400529
2022-05-03,AAPL,Apple,162.86,163.56,157.22,157.78,7751950
2022-05-04,AAPL,Apple,158.65,160.1,158.65,159.39,40675669
2022-05-05,AAPL,Apple,159.7,161.3,159.17,159.41,25179186
2022-05-06,AAPL,Apple,159.39,160.53,158.92,159.99,22076925
2022-05-09,AAPL,Apple,158.99,159.07,155.3,156.13,20154509
2022-05-10,AAPL,Apple,157.73,160.95,157.43,160.13,17886355
2022-05-11,AAPL,Apple,158.91,159.77,158.2,158.87,10281091
2022-05-12,AAPL,Apple,159.15,160.57,159.06,160.11,14761821
2022-05-13,AAPL,Apple,159.74,162.61,159.63,162.34,22602707
2022-05-16,AAPL,Apple,162.42,166.67,162.35,165.66,16621798
2022-05-17,AAPL,Apple,166.45,167.64,165.03,165.99,23915947
2022-05-18,AAPL,Apple,166.54,167.71,164.34,165.36,13206240
2022-05-19,AAPL,Apple,163.56,166.72,163.09,165.99,22419395
2022-05-20,AAPL,Apple,166.9,167.24,163.18,163.75,13084020
2022-05-23,AAPL,Apple,166.31,166.65,161.36,162.64,20300068
2022-05-24,AAPL,Apple,162.46,163.09,159.43,159.48,28959376
2022-05-25,AAPL,Apple,159.5,160.43,157.38,158.94,8416175
2022-05-26,AAPL,Apple,158.72,161.46,158.46,161.01,28409462
2022-05-27,AAPL,Apple,160.86,160.96,159.25,159.67,17644543
2022-05-30,AAPL,Apple,160.11,160.97,158.82,159.11,13421984
2022-05-31,AAPL,Apple,158.5,159.1,156.93,157.45,23581416
2022-06-01,AAPL,Apple,158.96,160.59,156.52,156.65,21161866
2022-06-02,AAPL,Apple,153.5,162.37,153.44,161.46,38409905
2022-06-03,AAPL,Apple,160.58,164.26,159.98,163.7,15954059
2022-06-06,AAPL,Apple,164.04,164.59,162.49,163.05,15697586
2022-06-07,AAPL,Apple,163.1,165.52,163.07,165.38,19101256
2022-06-08,AAPL,Apple,164.8,166.12,163.47,165.75,12840782
2022-06-09,AAPL,Apple,164.04,167.83,163.8,167.73,15151310
2022-06-10,AAPL,Apple,168.03,168.68,167.47,167.99,6132224
2022-06-13,AAPL,Apple,170.26,171.49,166.83,167.42,8619454
2022-06-14,AAPL,Apple,168.04,169.91,167.9,169.71,17491621
2022-06-15,AAPL,Apple,169.73,170.45,167.8,168.74,30449405
2022-06-16,AAPL,Apple,168.84,173.75,167.29,173.11,22610444
2022-06-17,AAPL,Apple,173.33,173.7,172.61,172.88,20878584
2022-06-20,AAPL,Apple,171.98,172.21,166.36,166.51,27869666
2022-06-21,AAPL,Apple,168.1,168.56,163.66,163.87,12547031
2022-06-22,AAPL,Apple,163.71,163.93,158.82,159.21,15101060
2022-06-23,AAPL,Apple,156.62,160.98,156.37,160.7,25597776
2022-06-24,AAPL,Apple,160.88,164.36,159.81,162.62,15737101
2022-06-27,AAPL,Apple,161.54,164.21,161.14,163.21,14412692
2022-06-28,AAPL,Apple,162.56,165.83,162.31,165.52,8699782
2022-06-29,AAPL,Apple,164.6,169.67,163.69,169.46,8267203
2022-06-30,AAPL,Apple,168.64,171.96,168.42,171.9,17730238
2022-07-01,AAPL,Apple,171.49,172.06,166.78,167.24,16325271
2022-07-04,AAPL,Apple,167.42,170.81,166.84,170.15,10018850
2022-07-05,AAPL,Apple,170.89,171.45,169.31,170.58,15229412
2022-07-06,AAPL,Apple,171.09,171.45,167.6,167.64,24734069
2022-07-07,AAPL,Apple,167.84,168.03,167.63,167.67,12359580
2022-07-08,AAPL,Apple,165.77,167.49,165.7,166.69,30863104
2022-07-11,AAPL,Apple,166.55,167.35,163.19,163.19,24306893
2022-07-12,AAPL,Apple,163.26,166.79,162.75,166.43,11086774
2022-07-13,AAPL,Apple,165.22,165.39,161.97,162.74,26551587
2022-07-14,AAPL,Apple,160.57,161.99,158.37,159.93,18657388
2022-07-15,AAPL,Apple,161.22,164.06,160.52,163.5,12309419
2022-07-18,AAPL,Apple,163.36,163.44,161.72,162.29,17032500
2022-07-19,AAPL,Apple,165.01,166.41,163.92,164.07,21000398
2022-07-20,AAPL,Apple,165.16,166.49,162.12,162.71,12900972
2022-07-21,AAPL,Apple,161.95,162.69,161.76,162.47,9275882
2022-07-22,AAPL,Apple,162.24,162.56,160.63,160.7,9782945
2022-07-25,AAPL,Apple,162.19,162.97,160.91,162.17,20197257
2022-07-26,AAPL,Apple,161.69,162.89,161.3,162.17,16619953
2022-07-27,AAPL,Apple,163.86,164.01,159.07,159.53,17736309
2022-07-28,AAPL,Apple,160.24,160.58,157.87,158.8,10200468
2022-07-29,AAPL,Apple,159.85,161.25,159.66,161.19,13573129
2022-08-01,AAPL,Apple,160.31,161.38,160.01,160.96,18732637
2022-08-02,AAPL,Apple,159.88,160.21,157.98,158.66,20045171
2022-08-03,AAPL,Apple,158.54,160.51,157.93,160.44,18059098
2022-08-04,AAPL,Apple,158.91,161.84,158.71,161.71,12677047
2022-08-05,AAPL,Apple,161.43,162.35,158.87,160.26,22247727
2022-08-08,AAPL,Apple,160.12,161.32,157.46,157.56,23283529
2022-08-09,AAPL,Apple,159.33,159.74,157.25,157.29,10052155
2022-08-10,AAPL,Apple,156.84,158.94,156.77,158.53,18390285
2022-08-11,AAPL,Apple,158.56,158.78,154.07,154.49,8746397
2022-08-12,AAPL,Apple,155.47,156.4,152.5,152.94,15705500
2022-08-15,AAPL,Apple,152.87,153.82,152.08,153.65,16082881
2022-08-16,AAPL,Apple,153.03,155.31,152.96,155.1,17809317
2022-08-17,AAPL,Apple,156.21,157.08,154.92,155.1,17657713
2022-08-18,AAPL,Apple,155.51,155.7,154.01,154.41,10983769
2022-08-19,AAPL,Apple,153.8,157.45,152.91,156.07,17185267
2022-08-22,AAPL,Apple,157.59,158.09,153.52,153.85,20947010
2022-08-23,AAPL,Apple,153.39,153.82,152.15,152.34,11971290
2022-08-24,AAPL,Apple,151.41,156.37,151.14,155.83,8850531
2022-08-25,AAPL,Apple,155.22,158.74,154.69,158.3,20328207
2022-08-26,AAPL,Apple,158.31,162.16,158.24,161.78,11150740
2022-08-29,AAPL,Apple,162.31,162.46,161.2,161.57,8699117
2022-08-30,AAPL,Apple,160.64,163.7,160.15,162.78,16383663
2022-08-31,AAPL,Apple,162.48,162.96,161.81,162.81,19895356
2022-09-01,AAPL,Apple,162.4,163.16,161.66,161.67,12980626
2022-09-02,AAPL,Apple,163.28,163.7,162.63,163.27,28304411
2022-09-05,AAPL,Apple,163.49,164.94,163.45,164.04,14954024
2022-09-06,AAPL,Apple,162.5,170.14,161.76,169.07,14156873
2022-09-07,AAPL,Apple,166.49,170.39,166.42,170.3,17420521
2022-09-08,AAPL,Apple,168.98,172.23,167.98,171.99,19585349
2022-09-09,AAPL,Apple,171.88,172.29,170.87,171.17,17026325
2022-09-12,AAPL,Apple,171.43,172.01,168.02,168.63,14573725
2022-09-13,AAPL,Apple,169.7,170.07,167.8,167.92,23226252
2022-09-14,AAPL,Apple,167.72,168.38,167.58,168.3,11848038
2022-09-15,AAPL,Apple,166.44,171.79,166.35,171.75,20588509
2022-09-16,AAPL,Apple,172.57,177.51,172.57,175.95,14078921
2022-09-19,AAPL,Apple,175.57,178.13,174.61,177.14,10404355
2022-09-20,AAPL,Apple,175.13,177.77,174.88,177.0,10206251
2022-09-21,AAPL,Apple,178.77,180.07,175.67,176.09,8687244
2022-09-22,AAPL,Apple,176.41,176.66,175.26,176.28,22350517
2022-09-23,AAPL,Apple,176.67,177.23,168.71,169.45,11287756
2022-09-26,AAPL,Apple,169.57,169.59,166.03,166.33,12055080
2022-09-27,AAPL,Apple,166.32,167.09,163.69,163.93,7553301
2022-09-28,AAPL,Apple,163.94,164.37,162.39,162.79,15504472
2022-09-29,AAPL,Apple,163.88,164.1,163.83,164.05,27287038
2022-09-30,AAPL,Apple,163.72,165.38,163.31,165.37,17406111
2022-10-03,AAPL,Apple,166.02,167.44,161.47,161.61,13298287
2022-10-04,AAPL,Apple,161.75,163.96,161.54,163.02,15220503
2022-10-05,AAPL,Apple,163.78,164.56,163.53,164.27,26675600
2022-10-06,AAPL,Apple,164.82,165.46,163.75,164.17,10677047
2022-10-07,AAPL,Apple,163.37,164.31,162.49,162.68,21501831
2022-10-10,AAPL,Apple,162.44,163.43,162.17,162.79,9710132
2022-10-11,AAPL,Apple,162.55,165.97,162.33,165.16,12013568
2022-10-12,AAPL,Apple,164.6,169.82,164.28,168.94,15481261
2022-10-13,AAPL,Apple,169.08,169.66,165.65,165.75,20612707
2022-10-14,AAPL,Apple,167.64,168.19,163.75,163.99,9287314
2022-10-17,AAPL,Apple,165.01,165.08,159.63,161.02,12684802
2022-10-18,AAPL,Apple,161.83,162.53,158.48,158.55,13269471
2022-10-19,AAPL,Apple,159.11,162.17,157.77,161.65,9810546
2022-10-20,AAPL,Apple,163.75,165.97,163.22,164.94,8924499
2022-10-21,AAPL,Apple,165.16,165.23,164.73,164.75,16732474
2022-10-24,AAPL,Apple,164.16,165.05,160.49,161.44,27773278
2022-10-25,AAPL,Apple,162.98,164.65,162.88,164.5,15316803
2022-10-26,AAPL,Apple,164.04,165.86,163.59,164.81,14632404
2022-10-27,AAPL,Apple,163.89,164.0,163.39,163.59,18766849
2022-10-28,AAPL,Apple,161.73,162.04,159.04,159.42,12300554
2022-10-31,AAPL,Apple,159.36,160.58,157.97,158.49,19525005
2022-11-01,AAPL,Apple,158.48,159.58,157.72,159.32,12719219
2022-11-02,AAPL,Apple,160.1,160.65,156.02,156.43,11801406
2022-11-03,AAPL,Apple,156.39,156.98,155.04,155.56,19526825
2022-11-04,AAPL,Apple,154.49,154.95,153.97,154.05,22280995
2022-11-07,AAPL,Apple,154.3,156.21,153.54,155.32,18393884
2022-11-08,AAPL,Apple,156.88,157.48,154.92,155.05,13553898
2022-11-09,AAPL,Apple,155.14,155.45,151.53,152.28,8809334
2022-11-10,AAPL,Apple,151.79,154.23,151.01,152.96,16340435
2022-11-11,AAPL,Apple,152.48,152.59,149.51,149.76,19642576
2022-11-14,AAPL,Apple,151.39,154.47,150.95,153.71,18831615
2022-11-15,AAPL,Apple,152.95,158.76,152.87,158.65,17071201
2022-11-16,AAPL,Apple,158.19,162.32,156.99,161.62,16975178
2022-11-17,AAPL,Apple,162.05,166.61,162.03,166.22,21626763
2022-11-18,AAPL,Apple,166.48,167.52,165.19,166.7,12572550
2022-11-21,AAPL,Apple,167.13,168.15,166.13,167.88,18462708
2022-11-22,AAPL,Apple,169.95,170.29,167.0,167.09,14810584
2022-11-23,AAPL,Apple,166.64,167.06,166.54,166.68,12288043
2022-11-24,AAPL,Apple,167.92,169.23,165.73,165.85,16080993
2022-11-25,AAPL,Apple,164.61,165.95,163.91,165.63,9926429
2022-11-28,AAPL,Apple,165.05,165.96,164.4,165.71,13686550
2022-11-29,AAPL,Apple,165.67,167.66,164.56,167.57,13830777
2022-11-30,AAPL,Apple,168.4,168.51,158.86,159.09,12209871
2022-12-01,AAPL,Apple,157.3,160.51,156.48,159.82,12785487
2022-12-02,AAPL,Apple,158.43,161.38,158.22,160.82,13815389
2022-12-05,AAPL,Apple,161.55,161.62,160.58,161.01,21457584
2022-12-06,AAPL,Apple,160.74,166.28,160.3,165.21,21026622
2022-12-07,AAPL,Apple,165.1,165.16,163.83,164.43,21414263
2022-12-08,AAPL,Apple,164.49,167.55,163.99,167.13,16446113
2022-12-09,AAPL,Apple,167.49,170.96,167.02,170.23,35029529
2022-12-12,AAPL,Apple,169.89,173.36,169.75,172.92,19601754
2022-12-13,AAPL,Apple,173.5,174.39,173.24,173.89,18761017
2022-12-14,AAPL,Apple,174.41,174.76,167.3,167.5,8920957
2022-12-15,AAPL,Apple,167.1,168.69,166.21,168.09,27100455
2022-12-16,AAPL,Apple,169.3,171.46,167.82,170.48,29847500
2022-12-19,AAPL,Apple,172.09,172.49,170.89,171.02,12847318
2022-12-20,AAPL,Apple,171.23,174.98,170.88,173.46,12504962
2022-12-21,AAPL,Apple,173.24,177.84,173.06,177.21,18511355
2022-12-22,AAPL,Apple,175.51,179.13,174.57,178.09,13955513
2022-12-23,AAPL,Apple,177.02,180.35,176.37,180.31,7629282
2022-12-26,AAPL,Apple,180.5,183.26,179.54,181.81,18867053
2022-12-27,AAPL,Apple,180.7,181.35,178.37,179.41,10759882
2022-12-28,AAPL,Apple,180.24,181.41,177.19,177.61,11298432
2022-12-29,AAPL,Apple,178.54,178.88,175.01,175.06,16794829
2022-12-30,AAPL,Apple,175.14,182.8,175.1,182.37,16159450
2023-01-02,AAPL,Apple,183.79,183.89,180.28,182.91,20552158
2023-01-03,AAPL,Apple,180.65,183.01,179.49,183.0,12611516
2023-01-04,AAPL,Apple,182.39,183.73,181.4,181.46,16218442
2023-01-05,AAPL,Apple,181.6,182.38,179.07,179.86,15135486
2023-01-06,AAPL,Apple,181.21,182.0,174.53,175.44,23442864
2023-01-09,AAPL,Apple,173.32,179.0,172.75,177.99,12421382
2023-01-10,AAPL,Apple,178.52,179.53,178.14,179.01,21446999
2023-01-11,AAPL,Apple,178.42,179.65,173.71,175.22,24530577
2023-01-12,AAPL,Apple,174.08,178.61,173.32,178.59,12944307
2023-01-13,AAPL,Apple,179.77,184.34,179.15,183.87,18114329
2023-01-16,AAPL,Apple,183.57,188.5,183.41,186.47,13267343
2023-01-17,AAPL,Apple,188.22,189.02,183.04,183.58,15794086
2023-01-18,AAPL,Apple,183.98,184.75,182.67,183.27,23406717
2023-01-19,AAPL,Apple,184.34,184.76,180.7,181.38,10629782
2023-01-20,AAPL,Apple,182.31,183.02,177.42,178.0,22864024
2023-01-23,AAPL,Apple,176.34,177.63,175.7,176.39,15355581
2023-01-24,AAPL,Apple,176.53,179.41,176.15,179.26,16287659
2023-01-25,AAPL,Apple,177.98,178.24,176.38,177.35,10614753
2023-01-26,AAPL,Apple,178.29,182.72,177.58,182.43,19502144
2023-01-27,AAPL,Apple,183.61,185.07,183.06,183.82,14525315
2023-01-30,AAPL,Apple,181.97,184.03,181.83,183.87,20207809
2023-01-31,AAPL,Apple,183.6,190.78,182.54,189.29,14683903
2023-02-01,AAPL,Apple,191.26,192.5,190.18,192.44,9810888
2023-02-02,AAPL,Apple,191.73,199.61,191.29,198.89,8866375
2023-02-03,AAPL,Apple,197.91,199.53,197.77,198.96,12990319
2023-02-06,AAPL,Apple,199.12,200.58,198.76,200.54,16869834
2023-02-07,AAPL,Apple,199.15,204.16,198.86,203.65,32809801
2023-02-08,AAPL,Apple,202.22,202.47,201.7,202.08,29926806
2023-02-09,AAPL,Apple,200.35,200.49,196.7,197.53,9835643
2023-02-10,AAPL,Apple,196.09,196.27,193.74,193.9,20926266
2023-02-13,AAPL,Apple,193.45,200.66,192.77,199.74,21554631
2023-02-14,AAPL,Apple,198.23,201.51,197.41,200.5,30683834
2023-02-15,AAPL,Apple,199.18,199.96,194.17,195.87,11229560
2023-02-16,AAPL,Apple,197.67,197.96,192.68,192.78,11908954
2023-02-17,AAPL,Apple,190.74,192.61,189.94,192.23,13060037
2023-02-20,AAPL,Apple,191.36,193.53,190.83,192.77,23236652
2023-02-21,AAPL,Apple,192.96,196.17,192.64,195.08,16092471
2023-02-22,AAPL,Apple,193.16,197.21,191.84,196.78,19760805
2023-02-23,AAPL,Apple,197.23,198.28,197.22,198.22,18790261
2023-02-24,AAPL,Apple,199.98,200.92,197.62,197.68,12495426
2023-02-27,AAPL,Apple,197.11,198.9,196.39,198.9,18889644
2023-02-28,AAPL,Apple,198.88,200.52,198.42,199.64,5050505
2023-03-01,AAPL,Apple,197.41,201.17,195.75,200.36,24085119
2023-03-02,AAPL,Apple,199.04,208.15,198.39,205.65,17152864
2023-03-03,AAPL,Apple,204.62,206.38,204.45,205.75,17090137
2023-03-06,AAPL,Apple,206.36,215.33,205.36,215.26,9715638
2023-03-07,AAPL,Apple,214.87,216.42,213.7,214.42,20661720
2023-03-08,AAPL,Apple,214.47,215.8,206.8,206.82,12821295
2023-03-09,AAPL,Apple,207.53,208.47,206.8,207.82,15489905
2023-03-10,AAPL,Apple,206.49,207.8,206.38,207.2,15290493
2023-03-13,AAPL,Apple,204.86,205.11,201.09,202.92,13959515
2023-03-14,AAPL,Apple,202.76,203.7,201.74,203.46,15679485
2023-03-15,AAPL,Apple,201.45,202.04,195.24,196.27,18925615
2023-03-16,AAPL,Apple,193.66,194.12,188.09,189.44,13978840
2023-03-17,AAPL,Apple,193.06,193.79,186.28,186.45,29194006
2023-03-20,AAPL,Apple,188.21,188.53,183.96,184.42,12681730
2023-03-21,AAPL,Apple,183.84,189.79,182.65,189.0,17774817
2023-03-22,AAPL,Apple,188.47,193.89,187.64,193.38,12661525
2023-03-23,AAPL,Apple,192.64,196.56,191.31,195.25,11959516
2023-03-24,AAPL,Apple,194.32,195.81,193.17,194.24,25930326
2023-03-27,AAPL,Apple,194.73,199.32,194.71,198.06,13880539
2023-03-28,AAPL,Apple,199.65,200.15,197.75,197.89,10422845
2023-03-29,AAPL,Apple,199.37,200.16,194.77,196.98,15201682
2023-03-30,AAPL,Apple,197.21,198.47,191.65,191.91,11199467
2023-03-31,AAPL,Apple,190.41,191.59,189.55,190.03,12030877
2023-04-03,AAPL,Apple,190.71,191.98,187.55,188.13,9168052
2023-04-04,AAPL,Apple,188.07,188.42,184.65,184.96,14726947
2023-04-05,AAPL,Apple,184.72,184.72,178.34,179.03,23247892
2023-04-06,AAPL,Apple,178.4,179.03,175.0,175.22,18385613
2023-04-07,AAPL,Apple,174.23,174.51,170.58,171.4,31070694
2023-04-10,AAPL,Apple,170.95,173.4,169.82,173.09,13946091
2023-04-11,AAPL,Apple,172.48,173.09,171.88,173.05,18050176
2023-04-12,AAPL,Apple,171.64,174.72,171.42,173.8,17134282
2023-04-13,AAPL,Apple,174.37,176.22,173.9,174.98,18756819
2023-04-14,AAPL,Apple,175.09,177.46,174.38,175.93,15294483
2023-04-17,AAPL,Apple,175.71,177.89,175.2,177.38,13096194
2023-04-18,AAPL,Apple,178.83,182.89,178.47,182.2,13260313
2023-04-19,AAPL,Apple,180.52,180.71,180.43,180.57,16948738
2023-04-20,AAPL,Apple,181.34,182.47,180.32,180.36,11979047
2023-04-21,AAPL,Apple,181.77,182.63,177.12,177.51,20888250
2023-04-24,AAPL,Apple,178.03,182.01,177.38,181.36,12214170
2023-04-25,AAPL,Apple,180.58,181.35,178.61,178.93,22300200
2023-04-26,AAPL,Apple,177.44,179.55,177.27,179.01,17560655
2023-04-27,AAPL,Apple,180.26,180.7,175.55,176.85,13512185
2023-04-28,AAPL,Apple,176.19,176.55,172.72,173.14,11794361
2023-05-01,AAPL,Apple,171.56,173.8,170.19,173.72,9713854
2023-05-02,AAPL,Apple,173.67,179.4,173.58,178.68,12743092
2023-05-03,AAPL,Apple,180.36,181.38,177.76,179.25,13487238
2023-05-04,AAPL,Apple,178.51,179.49,178.2,179.34,7849112
2023-05-05,AAPL,Apple,179.6,180.97,178.73,180.4,21274760
2023-05-08,AAPL,Apple,179.4,182.15,179.31,181.99,15165150
2023-05-09,AAPL,Apple,182.33,182.33,181.07,181.91,19771375
2023-05-10,AAPL,Apple,182.17,183.01,177.59,177.9,18383843
2023-05-11,AAPL,Apple,177.1,178.93,176.94,178.85,24525984
2023-05-12,AAPL,Apple,177.73,178.36,177.32,177.97,18171787
2023-05-15,AAPL,Apple,179.08,182.38,178.88,181.8,16010829
2023-05-16,AAPL,Apple,180.75,183.3,180.34,182.67,21997452
2023-05-17,AAPL,Apple,182.19,182.36,177.4,177.66,23185479
2023-05-18,AAPL,Apple,179.16,180.36,176.77,176.8,13981843
2023-05-19,AAPL,Apple,178.31,180.04,178.14,178.61,20788405
2023-05-22,AAPL,Apple,178.53,181.05,178.13,180.73,24253417
2023-05-23,AAPL,Apple,180.36,182.25,180.3,181.99,21165394
2023-05-24,AAPL,Apple,182.83,183.04,182.09,182.46,12498226
2023-05-25,AAPL,Apple,182.82,191.29,182.61,189.58,21217374
2023-05-26,AAPL,Apple,190.69,198.03,190.4,197.37,13137640
2023-05-29,AAPL,Apple,196.52,199.05,195.71,197.83,15430031
2023-05-30,AAPL,Apple,200.31,201.06,198.98,199.37,17938938
2023-05-31,AAPL,Apple,200.43,201.17,196.74,196.91,16229623
2023-06-01,AAPL,Apple,195.56,199.5,193.35,198.82,16236358
2023-06-02,AAPL,Apple,199.02,200.52,198.22,200.1,13875903
2023-06-05,AAPL,Apple,200.13,200.79,197.66,198.21,10573965
2023-06-06,AAPL,Apple,197.97,200.07,197.53,200.0,13290673
2023-06-07,AAPL,Apple,200.07,202.28,195.17,195.24,15273415
2023-06-08,AAPL,Apple,197.36,197.7,194.97,196.3,18469060
2023-06-09,AAPL,Apple,195.83,197.01,195.43,196.5,15160032
2023-06-12,AAPL,Apple,193.97,196.66,193.21,196.64,13338651
2023-06-13,AAPL,Apple,194.99,195.2,193.36,194.27,25684589
2023-06-14,AAPL,Apple,194.78,195.8,190.48,191.62,20603047
2023-06-15,AAPL,Apple,192.78,195.35,192.54,195.16,15727783
2023-06-16,AAPL,Apple,195.38,195.88,191.09,191.36,20237491
2023-06-19,AAPL,Apple,189.9,191.05,189.5,189.51,12207383
2023-06-20,AAPL,Apple,191.23,192.42,181.79,183.59,25468330
2023-06-21,AAPL,Apple,185.41,189.94,184.67,188.87,19175982
2023-06-22,AAPL,Apple,189.71,190.34,189.07,190.23,17430283
2023-06-23,AAPL,Apple,189.61,192.1,188.44,190.03,10964701
2023-06-26,AAPL,Apple,189.05,193.2,187.9,192.26,28306462
2023-06-27,AAPL,Apple,193.65,194.66,186.15,186.73,12549396
2023-06-28,AAPL,Apple,186.69,186.77,183.3,184.12,20393913
2023-06-29,AAPL,Apple,185.19,185.47,181.39,181.79,9636399
2023-06-30,AAPL,Apple,179.55,187.21,179.41,186.81,29672654
2023-07-03,AAPL,Apple,186.31,187.54,183.82,184.4,20700222
2023-07-04,AAPL,Apple,183.52,184.22,176.81,177.42,20780794
2023-07-05,AAPL,Apple,180.09,180.95,179.88,180.36,23508666
2023-07-06,AAPL,Apple,180.65,181.96,180.26,181.11,17637754
2023-07-07,AAPL,Apple,181.43,182.77,181.25,182.5,10723672
2023-07-10,AAPL,Apple,181.94,182.97,180.45,181.15,13970204
2023-07-11,AAPL,Apple,181.53,182.94,181.4,182.61,21359521
2023-07-12,AAPL,Apple,182.43,182.98,177.89,177.92,18754649
2023-07-13,AAPL,Apple,177.14,177.26,175.0,175.17,17731489
2023-07-14,AAPL,Apple,176.35,176.99,173.44,173.75,16681622
2023-07-17,AAPL,Apple,172.89,173.28,171.47,172.26,12741277
2023-07-18,AAPL,Apple,173.35,174.36,172.32,173.48,20379741
2023-07-19,AAPL,Apple,172.2,177.55,171.94,177.45,12573872
2023-07-20,AAPL,Apple,179.05,180.16,174.73,176.45,21135879
2023-07-21,AAPL,Apple,175.57,176.3,169.95,170.44,23243867
2023-07-24,AAPL,Apple,170.62,172.28,170.1,171.82,20549713
2023-07-25,AAPL,Apple,172.18,175.66,170.77,174.99,20650598
2023-07-26,AAPL,Apple,175.05,177.23,174.51,176.76,15242998
2023-07-27,AAPL,Apple,178.07,178.37,176.57,177.5,16975702
2023-07-28,AAPL,Apple,176.03,178.72,175.59,177.85,14797286
2023-07-31,AAPL,Apple,179.27,179.32,178.11,178.71,29763018
2023-08-01,AAPL,Apple,180.2,180.41,179.67,180.09,33105572
2023-08-02,AAPL,Apple,179.65,179.75,175.57,175.66,9838128
2023-08-03,AAPL,Apple,176.44,176.91,173.62,174.2,14233382
2023-08-04,AAPL,Apple,174.82,174.91,171.95,172.2,19378534
2023-08-07,AAPL,Apple,172.02,172.47,169.04,169.48,24396411
2023-08-08,AAPL,Apple,168.64,170.01,167.97,168.45,11435332
2023-08-09,AAPL,Apple,168.56,168.93,163.22,164.65,15723730
2023-08-10,AAPL,Apple,165.41,167.09,161.24,162.35,15312976
2023-08-11,AAPL,Apple,161.93,162.64,160.63,162.03,16133888
2023-08-14,AAPL,Apple,162.36,163.07,157.41,157.49,25540900
2023-08-15,AAPL,Apple,156.0,156.23,154.15,154.62,13304839
2023-08-16,AAPL,Apple,155.45,155.95,153.56,153.98,16766437
2023-08-17,AAPL,Apple,154.72,155.02,150.93,151.58,21517607
2023-08-18,AAPL,Apple,152.41,152.62,150.79,151.31,19879345
2023-08-21,AAPL,Apple,151.13,153.43,151.07,153.39,21533556
2023-08-22,AAPL,Apple,153.58,158.92,152.6,158.22,10726159
2023-08-23,AAPL,Apple,157.89,158.66,157.6,158.07,14933309
2023-08-24,AAPL,Apple,156.06,156.71,155.84,156.44,12367644
2023-08-25,AAPL,Apple,156.77,158.49,155.99,157.31,13209336
2023-08-28,AAPL,Apple,156.67,158.9,156.41,158.71,15327262
2023-08-29,AAPL,Apple,157.7,158.86,156.64,156.92,14423715
2023-08-30,AAPL,Apple,155.41,158.65,155.33,157.71,12804194
2023-08-31,AAPL,Apple,156.65,156.81,156.59,156.81,10164397
2023-09-01,AAPL,Apple,157.14,162.11,157.12,160.98,9630961
2023-09-04,AAPL,Apple,162.91,163.22,159.98,160.91,9495526
2023-09-05,AAPL,Apple,160.61,164.34,160.54,163.68,25577501
2023-09-06,AAPL,Apple,162.8,166.24,162.27,166.07,11691845
2023-09-07,AAPL,Apple,164.92,169.59,163.96,169.46,31366089
2023-09-08,AAPL,Apple,170.08,170.71,167.56,167.82,17379453
2023-09-11,AAPL,Apple,166.84,168.2,166.62,168.1,9748804
2023-09-12,AAPL,Apple,170.66,171.04,166.16,167.13,13850743
2023-09-13,AAPL,Apple,168.06,169.04,165.33,165.81,22464552
2023-09-14,AAPL,Apple,165.88,173.72,165.48,172.79,22286818
2023-09-15,AAPL,Apple,170.51,173.87,170.33,173.7,18371939
2023-09-18,AAPL,Apple,173.85,173.96,171.6,172.06,18143344
2023-09-19,AAPL,Apple,172.59,172.85,170.92,170.96,17553026
2023-09-20,AAPL,Apple,171.87,173.76,171.86,173.11,10021189
2023-09-21,AAPL,Apple,172.69,177.55,172.07,177.38,12987531
2023-09-22,AAPL,Apple,177.15,179.07,176.82,178.82,19483547
2023-09-25,AAPL,Apple,178.95,184.39,178.73,183.61,17414029
2023-09-26,AAPL,Apple,185.15,185.77,183.09,183.48,11645571
2023-09-27,AAPL,Apple,183.29,185.5,182.3,185.03,19997012
2023-09-28,AAPL,Apple,187.12,187.56,183.2,184.0,30490034
2023-09-29,AAPL,Apple,181.91,189.1,181.03,188.12,15264405
2023-10-02,AAPL,Apple,188.75,189.89,188.45,189.64,12833426
2023-10-03,AAPL,Apple,188.81,189.13,187.82,188.87,10744303
2023-10-04,AAPL,Apple,190.05,190.88,189.92,190.17,10390974
2023-10-05,AAPL,Apple,189.14,189.24,188.69,188.75,19188667
2023-10-06,AAPL,Apple,187.04,188.38,186.44,188.15,8759151
2023-10-09,AAPL,Apple,188.92,191.36,188.3,190.88,15804539
2023-10-10,AAPL,Apple,189.8,191.86,189.13,191.6,29202989
2023-10-11,AAPL,Apple,189.86,189.95,185.12,185.13,16437299
2023-10-12,AAPL,Apple,183.45,189.59,183.11,189.24,28994858
2023-10-13,AAPL,Apple,189.6,189.75,185.41,186.31,20146597
2023-10-16,AAPL,Apple,187.62,188.34,185.15,185.26,41020652
2023-10-17,AAPL,Apple,185.06,186.22,185.06,185.74,11557494
2023-10-18,AAPL,Apple,184.81,184.85,184.69,184.78,18403870
2023-10-19,AAPL,Apple,184.67,185.14,181.35,181.95,8232168
2023-10-20,AAPL,Apple,181.32,181.6,175.9,176.07,43928541
2023-10-23,AAPL,Apple,176.23,176.48,175.19,175.36,11773193
2023-10-24,AAPL,Apple,175.3,177.3,175.01,177.24,11296364
2023-10-25,AAPL,Apple,175.66,176.33,175.15,176.1,12706257
2023-10-26,AAPL,Apple,177.72,177.85,175.23,175.75,15483986
2023-10-27,AAPL,Apple,175.0,181.57,174.74,181.36,17442556
2023-10-30,AAPL,Apple,181.52,182.21,180.02,180.72,25376868
2023-10-31,AAPL,Apple,180.44,181.62,179.97,180.84,17698825
2023-11-01,AAPL,Apple,180.88,181.45,178.3,179.06,14827966
2023-11-02,AAPL,Apple,176.73,178.89,176.58,178.85,24159108
2023-11-03,AAPL,Apple,177.72,182.56,176.79,182.21,13979529
2023-11-06,AAPL,Apple,179.89,183.01,178.96,181.83,29010990
2023-11-07,AAPL,Apple,184.16,185.12,181.1,182.26,24017353
2023-11-08,AAPL,Apple,181.57,183.11,181.26,182.63,27192902
2023-11-09,AAPL,Apple,181.5,184.2,181.25,183.2,12335551
2023-11-10,AAPL,Apple,182.76,183.06,178.4,180.05,24431572
2023-11-13,AAPL,Apple,178.95,184.49,178.45,184.38,14972188
2023-11-14,AAPL,Apple,184.3,185.68,174.24,175.15,21150299
2023-11-15,AAPL,Apple,176.68,176.83,175.99,176.07,15308403
2023-11-16,AAPL,Apple,176.04,177.22,175.27,177.17,15581888
2023-11-17,AAPL,Apple,177.51,177.71,175.85,175.97,10084004
2023-11-20,AAPL,Apple,177.04,178.52,170.96,171.99,19409619
2023-11-21,AAPL,Apple,172.21,174.85,172.1,174.82,22512851
2023-11-22,AAPL,Apple,174.5,175.25,173.95,175.18,13214303
2023-11-23,AAPL,Apple,177.45,181.7,177.35,180.34,16395857
2023-11-24,AAPL,Apple,180.63,184.04,180.33,183.61,15394568
2023-11-27,AAPL,Apple,183.96,184.66,178.41,178.41,22932065
2023-11-28,AAPL,Apple,178.54,180.77,178.43,180.6,16048599
2023-11-29,AAPL,Apple,179.88,180.32,175.76,177.8,10935807
2023-11-30,AAPL,Apple,176.49,180.26,176.15,180.16,18111047
2023-12-01,AAPL,Apple,178.18,184.9,177.77,184.19,14568700
2023-12-04,AAPL,Apple,184.29,184.51,179.2,179.76,23436762
2023-12-05,AAPL,Apple,180.92,190.27,180.71,188.05,18924984
2023-12-06,AAPL,Apple,188.03,188.47,187.61,187.65,23588646
2023-12-07,AAPL,Apple,189.66,189.72,184.09,184.74,19972872
2023-12-08,AAPL,Apple,185.21,189.47,185.2,188.23,19979740
2023-12-11,AAPL,Apple,189.54,193.72,188.71,193.15,13680299
2023-12-12,AAPL,Apple,194.98,195.37,191.28,191.85,9724495
2023-12-13,AAPL,Apple,192.6,193.9,192.49,193.27,18891654
2023-12-14,AAPL,Apple,192.54,193.72,191.38,191.93,22411833
2023-12-15,AAPL,Apple,192.31,192.51,191.33,192.07,12726172
2023-12-18,AAPL,Apple,194.96,196.81,192.81,196.28,28008149
2023-12-19,AAPL,Apple,197.8,203.11,197.28,202.72,21314139
2023-12-20,AAPL,Apple,204.29,204.3,198.83,199.41,18081405
2023-12-21,AAPL,Apple,203.62,204.39,193.26,194.54,13474112
2023-12-22,AAPL,Apple,194.98,195.13,193.96,194.3,14830435
2023-12-25,AAPL,Apple,194.67,197.01,194.55,196.86,18073297
2023-12-26,AAPL,Apple,196.26,196.61,194.03,195.77,19008814
2023-12-27,AAPL,Apple,196.76,201.41,195.87,201.18,18611074
2023-12-28,AAPL,Apple,203.61,203.85,202.66,203.54,23325967
2023-12-29,AAPL,Apple,201.08,204.07,200.44,204.05,12400390
2024-01-01,AAPL,Apple,207.08,207.65,200.75,201.24,21555579
2024-01-02,AAPL,Apple,200.03,201.55,195.6,195.77,8167392
2024-01-03,AAPL,Apple,196.94,197.52,192.81,194.24,17358613
2024-01-04,AAPL,Apple,197.08,198.0,194.52,195.26,12743481
2024-01-05,AAPL,Apple,193.59,193.9,193.15,193.7,12137954
2024-01-08,AAPL,Apple,190.87,195.78,190.07,194.35,15031608
2024-01-09,AAPL,Apple,195.02,198.45,193.86,197.53,19773302
2024-01-10,AAPL,Apple,196.54,198.69,196.52,197.81,41703965
2024-01-11,AAPL,Apple,197.16,202.21,196.31,202.14,13904805
2024-01-12,AAPL,Apple,204.88,205.45,201.04,202.13,12572188
2024-01-15,AAPL,Apple,200.58,203.17,200.44,203.03,11884135
2024-01-16,AAPL,Apple,203.59,205.48,202.54,203.08,10028058
2024-01-17,AAPL,Apple,202.15,202.66,200.49,201.69,22755144
2024-01-18,AAPL,Apple,202.38,203.01,201.34,202.71,20493606
2024-01-19,AAPL,Apple,202.27,203.58,201.91,202.96,12477661
2024-01-22,AAPL,Apple,203.25,203.8,197.92,199.65,14087256
2024-01-23,AAPL,Apple,199.27,202.31,198.38,201.78,34027392
2024-01-24,AAPL,Apple,200.18,200.3,197.64,198.35,17896937
2024-01-25,AAPL,Apple,196.76,203.58,196.17,203.57,21374725
2024-01-26,AAPL,Apple,201.96,202.52,200.29,200.4,13392221
2024-01-29,AAPL,Apple,198.93,201.78,198.58,201.52,15485547
2024-01-30,AAPL,Apple,202.06,202.61,200.38,201.25,14094659
2024-01-31,AAPL,Apple,202.23,202.47,197.75,199.36,13604198
2024-02-01,AAPL,Apple,200.59,200.7,193.37,194.66,16848202
2024-02-02,AAPL,Apple,196.9,197.95,193.06,193.74,23540224
2024-02-05,AAPL,Apple,194.17,194.92,191.11,191.57,14565989
2024-02-06,AAPL,Apple,192.66,192.81,190.43,191.68,31512031
2024-02-07,AAPL,Apple,190.28,200.09,189.43,198.93,17775848
2024-02-08,AAPL,Apple,198.2,199.29,197.01,197.03,16125891
2024-02-09,AAPL,Apple,196.44,199.5,195.22,199.2,11995099
2024-02-12,AAPL,Apple,198.58,201.77,198.35,201.39,20617457
2024-02-13,AAPL,Apple,202.24,209.48,201.36,209.06,27240159
2024-02-14,AAPL,Apple,208.16,209.65,207.15,207.75,24448298
2024-02-15,AAPL,Apple,206.34,214.05,204.97,213.9,26529919
2024-02-16,AAPL,Apple,213.59,213.78,212.97,213.53,13490664
2024-02-19,AAPL,Apple,214.07,214.26,211.67,213.03,20249917
2024-02-20,AAPL,Apple,213.08,213.69,202.66,203.13,11663059
2024-02-21,AAPL,Apple,204.4,205.03,199.29,199.78,11171726
2024-02-22,AAPL,Apple,199.22,206.06,198.08,205.15,20924914
2024-02-23,AAPL,Apple,207.43,208.01,207.41,207.71,18328327
2024-02-26,AAPL,Apple,208.11,208.45,201.92,202.69,17158809
2024-02-27,AAPL,Apple,200.15,206.48,199.08,206.15,11510662
2024-02-28,AAPL,Apple,206.73,208.34,201.11,201.86,15276734
2024-02-29,AAPL,Apple,202.58,202.62,199.0,200.27,24051976
2024-03-01,AAPL,Apple,201.0,201.37,200.34,200.98,12326013
2024-03-04,AAPL,Apple,196.51,197.75,195.33,197.57,28734196
2024-03-05,AAPL,Apple,197.06,198.11,196.34,196.54,28996000
2024-03-06,AAPL,Apple,197.09,199.33,196.29,199.28,14277136
2024-03-07,AAPL,Apple,197.75,199.82,197.61,198.82,10766870
2024-03-08,AAPL,Apple,199.54,203.8,198.34,203.43,8841626
2024-03-11,AAPL,Apple,201.9,207.12,201.35,206.54,13106785
2024-03-12,AAPL,Apple,207.48,211.85,207.44,210.57,15687067
2024-03-13,AAPL,Apple,209.48,209.8,209.12,209.28,23624230
2024-03-14,AAPL,Apple,209.11,210.12,207.06,207.07,9988092
2024-03-15,AAPL,Apple,205.78,205.96,205.22,205.45,17668625
2024-03-18,AAPL,Apple,203.01,206.99,202.89,206.72,10392252
2024-03-19,AAPL,Apple,208.97,210.15,206.22,207.0,11045280
2024-03-20,AAPL,Apple,208.02,208.43,206.51,206.93,14800896
2024-03-21,AAPL,Apple,204.96,211.64,204.18,210.75,27937716
2024-03-22,AAPL,Apple,209.52,210.25,205.46,205.54,10503300
2024-03-25,AAPL,Apple,203.76,206.18,203.4,205.41,18596256
2024-03-26,AAPL,Apple,207.01,208.44,203.4,203.5,16988313
2024-03-27,AAPL,Apple,203.21,203.32,203.06,203.13,9156567
2024-03-28,AAPL,Apple,203.78,209.06,202.42,207.1,24204062
2024-03-29,AAPL,Apple,205.93,214.36,204.43,213.76,15794041
2024-04-01,AAPL,Apple,213.79,215.08,211.57,213.19,19255723
2024-04-02,AAPL,Apple,210.21,211.55,209.29,209.74,23827718
2024-04-03,AAPL,Apple,207.36,214.72,206.97,213.43,16364227
2024-04-04,AAPL,Apple,211.92,219.31,211.34,219.02,15983838
2024-04-05,AAPL,Apple,219.57,219.63,215.74,216.75,10734401
2024-04-08,AAPL,Apple,215.58,219.28,215.06,218.79,24806059
2024-04-09,AAPL,Apple,219.24,220.2,216.97,217.25,14092220
2024-04-10,AAPL,Apple,217.11,223.22,216.53,222.51,23190161
2024-04-11,AAPL,Apple,221.55,230.38,220.62,229.54,23998177
2024-04-12,AAPL,Apple,230.49,230.82,225.26,226.96,15582967
2024-04-15,AAPL,Apple,226.82,228.19,226.46,227.61,16526027
2024-04-16,AAPL,Apple,229.0,229.06,221.91,222.79,19036689
2024-04-17,AAPL,Apple,221.91,222.31,215.59,217.36,16064076
2024-04-18,AAPL,Apple,217.9,220.71,216.8,218.31,9148232
2024-04-19,AAPL,Apple,218.21,220.11,215.69,216.01,10288884
2024-04-22,AAPL,Apple,215.8,222.72,214.83,222.62,32124871
2024-04-23,AAPL,Apple,222.75,231.47,222.45,229.9,12627366
2024-04-24,AAPL,Apple,230.55,231.68,224.62,224.94,12113916
2024-04-25,AAPL,Apple,224.5,225.59,218.94,220.23,27876140
2024-04-26,AAPL,Apple,221.82,221.96,218.38,218.81,24996116
2024-04-29,AAPL,Apple,216.1,224.05,216.05,222.28,8504064
2024-04-30,AAPL,Apple,222.02,222.53,221.68,222.53,28666690
2024-05-01,AAPL,Apple,222.99,224.8,222.47,224.53,13930358
2024-05-02,AAPL,Apple,224.3,224.71,215.82,217.46,13134305
2024-05-03,AAPL,Apple,218.89,219.65,218.62,219.6,12699640
2024-05-06,AAPL,Apple,219.27,221.12,215.11,215.35,26255089
2024-05-07,AAPL,Apple,214.79,222.97,213.85,222.27,17327522
2024-05-08,AAPL,Apple,220.26,222.9,219.31,222.7,14478867
2024-05-09,AAPL,Apple,225.13,225.52,218.14,218.56,18080923
2024-05-10,AAPL,Apple,218.91,225.17,217.81,224.5,36263930
2024-05-13,AAPL,Apple,224.44,225.13,221.53,222.4,11702010
2024-05-14,AAPL,Apple,222.71,222.72,219.27,219.34,14647397
2024-05-15,AAPL,Apple,218.95,220.28,218.6,219.26,11701816
2024-05-16,AAPL,Apple,219.18,221.33,218.57,220.22,18030877
2024-05-17,AAPL,Apple,220.11,223.95,220.04,223.74,17867643
2024-05-20,AAPL,Apple,226.78,227.64,224.27,224.61,17283762
2024-05-21,AAPL,Apple,224.99,225.66,221.23,222.12,14059122
2024-05-22,AAPL,Apple,223.99,224.26,215.71,216.06,15389196
2024-05-23,AAPL,Apple,215.72,216.95,213.78,215.09,17838542
2024-05-24,AAPL,Apple,216.95,219.12,215.98,218.55,14861289
2024-05-27,AAPL,Apple,218.39,223.2,217.01,222.99,11706524
2024-05-28,AAPL,Apple,222.95,228.9,222.28,228.14,14792643
2024-05-29,AAPL,Apple,229.87,230.48,228.41,229.05,14814684
2024-05-30,AAPL,Apple,229.96,231.38,229.16,230.17,10667664
2024-05-31,AAPL,Apple,228.33,230.04,227.98,229.71,11364962
2024-06-03,AAPL,Apple,229.74,233.51,229.54,232.43,12339378
2024-06-04,AAPL,Apple,232.54,232.81,230.33,230.47,14491038
2024-06-05,AAPL,Apple,228.87,229.09,226.27,226.48,13874094
2024-06-06,AAPL,Apple,226.46,232.48,226.18,230.57,19573534
2024-06-07,AAPL,Apple,228.05,234.02,227.96,233.24,14444180
2024-06-10,AAPL,Apple,230.38,241.97,229.45,241.02,15430318
2024-06-11,AAPL,Apple,239.2,250.26,237.62,248.72,12811082
2024-06-12,AAPL,Apple,249.93,250.03,247.35,247.47,14882407
2024-06-13,AAPL,Apple,248.86,248.91,239.84,241.05,9430097
2024-06-14,AAPL,Apple,243.01,243.02,238.87,240.65,23624501
2024-06-17,AAPL,Apple,241.74,242.46,238.45,239.48,24290171
2024-06-18,AAPL,Apple,239.34,240.26,238.9,240.05,23464220
2024-06-19,AAPL,Apple,238.52,248.13,237.51,247.47,15586842
2024-06-20,AAPL,Apple,249.05,250.23,243.43,244.7,14092312
2024-06-21,AAPL,Apple,242.39,244.35,242.26,243.56,13743473
2024-06-24,AAPL,Apple,244.89,245.61,242.18,242.7,16686162
2024-06-25,AAPL,Apple,241.02,249.3,240.49,248.8,12683675
2024-06-26,AAPL,Apple,247.89,252.87,246.56,252.62,11128217
2024-06-27,AAPL,Apple,251.19,252.27,249.69,250.77,9281414
2024-06-28,AAPL,Apple,249.72,256.49,247.98,254.77,11853653
2024-07-01,AAPL,Apple,255.13,256.04,251.61,252.84,14883370
2024-07-02,AAPL,Apple,253.78,254.89,253.49,254.17,13588622
2024-07-03,AAPL,Apple,254.0,256.45,252.99,256.39,19175651
2024-07-04,AAPL,Apple,256.43,258.6,253.81,257.49,9186070
2024-07-05,AAPL,Apple,257.87,265.36,256.34,264.56,20043820
2024-07-08,AAPL,Apple,261.15,261.29,258.76,259.48,5108324
2024-07-09,AAPL,Apple,260.86,262.35,254.16,256.7,18969008
2024-07-10,AAPL,Apple,257.59,260.1,256.44,259.1,17278394
2024-07-11,AAPL,Apple,260.12,261.14,256.2,256.8,11351159
2024-07-12,AAPL,Apple,258.21,259.2,251.76,252.89,9400778
2024-07-15,AAPL,Apple,253.88,255.34,252.41,254.35,20367659
2024-07-16,AAPL,Apple,255.04,256.38,248.02,248.52,12659906
2024-07-17,AAPL,Apple,249.18,250.31,248.86,249.91,19893655
2024-07-18,AAPL,Apple,246.79,257.15,245.62,256.61,12770435
2024-07-19,AAPL,Apple,255.66,256.32,253.3,253.98,23397507
2024-07-22,AAPL,Apple,254.61,254.81,245.28,245.97,11755533
2024-07-23,AAPL,Apple,245.14,248.3,244.97,248.23,25577206
2024-07-24,AAPL,Apple,248.19,250.49,247.67,249.65,12971651
2024-07-25,AAPL,Apple,249.21,253.56,248.76,251.25,16592067
2024-07-26,AAPL,Apple,255.74,256.23,247.37,247.83,10158063
2024-07-29,AAPL,Apple,246.09,252.55,244.04,250.89,9761741
2024-07-30,AAPL,Apple,250.42,251.14,249.68,250.02,20554313
2024-07-31,AAPL,Apple,248.17,248.4,244.16,244.45,19994673
2024-08-01,AAPL,Apple,246.52,251.68,246.26,250.43,11183760
2024-08-02,AAPL,Apple,249.73,250.92,245.03,245.53,28856856
2024-08-05,AAPL,Apple,245.63,246.31,244.98,245.62,33158947
2024-08-06,AAPL,Apple,243.85,255.64,243.02,255.05,19673837
2024-08-07,AAPL,Apple,258.64,267.05,256.12,264.2,13880036
2024-08-08,AAPL,Apple,265.72,269.57,265.51,268.57,40033487
2024-08-09,AAPL,Apple,264.62,268.37,264.08,268.35,18294360
2024-08-12,AAPL,Apple,268.82,268.97,263.19,264.58,14469907
2024-08-13,AAPL,Apple,265.71,266.42,261.75,262.43,16824623
2024-08-14,AAPL,Apple,262.22,268.63,261.26,267.42,15613903
2024-08-15,AAPL,Apple,268.63,269.2,261.96,262.15,14600356
2024-08-16,AAPL,Apple,264.49,265.1,256.67,257.46,12311629
2024-08-19,AAPL,Apple,259.06,259.8,258.26,259.6,16488549
2024-08-20,AAPL,Apple,261.32,261.42,249.72,250.5,10761930
2024-08-21,AAPL,Apple,251.12,251.12,247.46,247.56,21250459
2024-08-22,AAPL,Apple,249.3,249.94,248.52,249.55,13608377
2024-08-23,AAPL,Apple,252.29,253.98,249.15,250.29,15742803
2024-08-26,AAPL,Apple,247.29,251.69,246.94,250.44,8864445
2024-08-27,AAPL,Apple,249.51,249.58,246.93,247.15,11875689
2024-08-28,AAPL,Apple,246.14,246.53,244.86,245.53,16658228
2024-08-29,AAPL,Apple,246.5,247.39,243.62,244.68,10097405
2024-08-30,AAPL,Apple,241.89,253.08,240.96,251.39,20467210
2024-09-02,AAPL,Apple,248.19,258.27,247.46,258.21,25389930
2024-09-03,AAPL,Apple,260.55,265.88,260.09,265.41,11733349
2024-09-04,AAPL,Apple,263.12,263.28,257.25,257.61,12972804
2024-09-05,AAPL,Apple,257.09,258.05,256.94,257.57,13840638
2024-09-06,AAPL,Apple,255.64,256.47,255.33,256.06,16729446
2024-09-09,AAPL,Apple,256.63,257.12,252.98,253.04,13222025
2024-09-10,AAPL,Apple,252.67,253.57,247.86,248.5,19758621
2024-09-11,AAPL,Apple,247.11,254.04,245.24,253.93,14831061
2024-09-12,AAPL,Apple,255.67,256.14,249.19,251.19,13954707
2024-09-13,AAPL,Apple,252.79,255.53,252.11,255.44,15246272
2024-09-16,AAPL,Apple,255.67,256.93,247.46,248.72,23322355
2024-09-17,AAPL,Apple,247.39,254.98,246.05,254.66,15893139
2024-09-18,AAPL,Apple,251.67,260.07,251.26,259.75,15590692
2024-09-19,AAPL,Apple,264.69,265.0,257.99,258.36,14838634
2024-09-20,AAPL,Apple,257.94,263.82,257.23,263.34,14224454
2024-09-23,AAPL,Apple,261.69,266.23,261.46,264.7,15838825
2024-09-24,AAPL,Apple,266.81,270.21,262.78,262.79,17865714
2024-09-25,AAPL,Apple,261.96,262.61,258.19,259.32,37013157
2024-09-26,AAPL,Apple,258.36,265.54,258.13,265.33,25415257
2024-09-27,AAPL,Apple,267.41,268.63,261.34,262.24,15118037
2024-09-30,AAPL,Apple,263.75,264.38,262.28,263.05,17811701
2024-10-01,AAPL,Apple,262.3,263.75,254.73,254.82,11080363
2024-10-02,AAPL,Apple,255.19,256.65,251.99,252.05,13233037
2024-10-03,AAPL,Apple,253.28,253.57,249.38,251.07,16222764
2024-10-04,AAPL,Apple,253.75,255.1,253.25,254.8,15527529
2024-10-07,AAPL,Apple,252.25,256.84,252.14,256.56,30002167
2024-10-08,AAPL,Apple,255.73,255.91,251.44,253.19,45658171
2024-10-09,AAPL,Apple,255.19,258.17,252.75,253.12,19492337
2024-10-10,AAPL,Apple,252.92,253.36,246.26,247.99,14549286
2024-10-11,AAPL,Apple,247.45,248.5,243.87,244.26,15490929
2024-10-14,AAPL,Apple,246.01,248.0,237.96,239.82,14589233
2024-10-15,AAPL,Apple,241.66,244.73,240.81,243.61,13284589
2024-10-16,AAPL,Apple,242.22,248.12,240.93,247.41,21664612
2024-10-17,AAPL,Apple,244.01,247.8,243.97,247.42,12873500
2024-10-18,AAPL,Apple,247.24,247.85,246.53,247.63,12081088
2024-10-21,AAPL,Apple,249.41,251.87,246.28,246.29,32954404
2024-10-22,AAPL,Apple,246.36,248.07,241.36,242.52,14519374
2024-10-23,AAPL,Apple,241.22,247.58,239.66,246.51,11597917
2024-10-24,AAPL,Apple,248.37,249.54,247.06,247.47,12265537
2024-10-25,AAPL,Apple,246.23,251.71,244.64,251.3,12826643
2024-10-28,AAPL,Apple,252.7,252.97,249.99,250.23,17430039
2024-10-29,AAPL,Apple,254.5,255.14,251.57,251.72,21173730
2024-10-30,AAPL,Apple,251.19,256.27,249.76,255.74,19052597
2024-10-31,AAPL,Apple,256.37,265.55,254.98,265.12,23135504
2024-11-01,AAPL,Apple,264.8,266.77,262.79,263.0,8556287
2024-11-04,AAPL,Apple,261.11,262.02,259.56,260.01,13376864
2024-11-05,AAPL,Apple,257.54,258.59,257.3,257.44,19984297
2024-11-06,AAPL,Apple,253.48,260.64,252.6,259.22,22788074
2024-11-07,AAPL,Apple,259.81,260.78,254.7,255.77,27572117
2024-11-08,AAPL,Apple,256.98,257.53,251.73,252.88,23603839
2024-11-11,AAPL,Apple,255.39,255.57,246.47,246.66,16183844
2024-11-12,AAPL,Apple,249.27,250.3,243.17,243.68,16952467
2024-11-13,AAPL,Apple,244.27,247.38,243.46,247.33,10421442
2024-11-14,AAPL,Apple,246.45,248.61,246.31,247.89,22468888
2024-11-15,AAPL,Apple,246.71,249.55,246.21,249.13,21221540
2024-11-18,AAPL,Apple,250.5,250.92,246.88,248.12,24033591
2024-11-19,AAPL,Apple,250.4,256.99,249.82,256.5,13365279
2024-11-20,AAPL,Apple,258.21,259.48,250.76,251.46,23853104
2024-11-21,AAPL,Apple,248.3,255.79,247.24,255.34,18147872
2024-11-22,AAPL,Apple,258.2,258.22,251.61,251.95,13839248
2024-11-25,AAPL,Apple,252.4,253.02,249.42,250.6,14957531
2024-11-26,AAPL,Apple,250.12,254.36,248.79,254.08,20091005
2024-11-27,AAPL,Apple,252.4,260.64,252.06,259.59,14165974
2024-11-28,AAPL,Apple,260.68,264.57,260.56,263.74,8009239
2024-11-29,AAPL,Apple,264.07,267.33,262.39,266.47,23452286
2024-12-02,AAPL,Apple,267.87,268.63,267.79,267.82,22867315
2024-12-03,AAPL,Apple,267.93,274.94,266.7,274.76,9719686
2024-12-04,AAPL,Apple,271.58,277.66,271.49,277.5,12070380
2024-12-05,AAPL,Apple,279.33,280.02,274.75,276.97,15025294
2024-12-06,AAPL,Apple,276.99,277.37,276.24,276.88,24204909
2024-12-09,AAPL,Apple,279.37,285.75,279.28,285.68,21796432
2024-12-10,AAPL,Apple,285.85,291.44,284.42,289.54,13736543
2024-12-11,AAPL,Apple,289.26,296.7,288.59,295.73,14721421
2024-12-12,AAPL,Apple,291.92,292.11,289.05,290.58,13058723
2024-12-13,AAPL,Apple,289.19,289.68,287.08,287.99,32695180
2024-12-16,AAPL,Apple,289.99,293.39,287.56,292.02,23896392
2024-12-17,AAPL,Apple,294.61,294.88,286.05,287.18,11625388
2024-12-18,AAPL,Apple,284.04,296.82,282.25,295.76,20414997
2024-12-19,AAPL,Apple,291.46,294.9,291.45,292.05,22409706
2024-12-20,AAPL,Apple,294.09,294.81,290.43,290.73,10633719
2024-12-23,AAPL,Apple,291.55,291.95,286.96,287.03,20924465
2024-12-24,AAPL,Apple,287.93,288.05,285.19,285.99,32493864
2024-12-25,AAPL,Apple,282.28,294.43,281.36,293.62,7336245
2024-12-26,AAPL,Apple,290.8,298.73,290.61,297.94,21549215
2024-12-27,AAPL,Apple,300.24,302.64,290.53,290.91,22625292
2024-12-30,AAPL,Apple,290.57,291.84,286.24,287.64,15887364
2024-12-31,AAPL,Apple,285.8,290.6,285.68,289.81,12401492
2022-01-03,MSFT,Microsoft,332.31,335.03,320.78,321.45,14977590
2022-01-04,MSFT,Microsoft,318.59,325.91,317.6,325.26,20240507
2022-01-05,MSFT,Microsoft,324.95,325.59,319.9,320.98,23294885
2022-01-06,MSFT,Microsoft,319.74,321.45,318.43,320.66,23596388
2022-01-07,MSFT,Microsoft,317.93,321.08,317.3,320.87,13808514
2022-01-10,MSFT,Microsoft,324.98,325.81,324.46,325.03,11469706
2022-01-11,MSFT,Microsoft,326.46,331.41,325.6,330.58,6243788
2022-01-12,MSFT,Microsoft,331.65,334.43,326.3,327.18,19036091
2022-01-13,MSFT,Microsoft,325.98,331.21,325.41,329.15,8156688
2022-01-14,MSFT,Microsoft,331.19,332.27,330.45,331.09,22205805
2022-01-17,MSFT,Microsoft,330.72,331.64,322.0,323.13,22042101
2022-01-18,MSFT,Microsoft,322.99,324.92,317.39,317.77,20411264
2022-01-19,MSFT,Microsoft,316.53,327.99,315.1,324.73,14645520
2022-01-20,MSFT,Microsoft,326.55,329.83,326.43,329.82,16705855
2022-01-21,MSFT,Microsoft,330.16,331.52,326.95,330.64,19726406
2022-01-24,MSFT,Microsoft,328.55,330.75,328.07,329.07,13200670
2022-01-25,MSFT,Microsoft,327.2,328.23,320.89,322.37,24997950
2022-01-26,MSFT,Microsoft,322.53,323.02,321.16,321.92,20154439
2022-01-27,MSFT,Microsoft,323.27,324.41,308.02,309.04,10919307
2022-01-28,MSFT,Microsoft,312.36,315.78,311.1,313.91,15990779
2022-01-31,MSFT,Microsoft,309.64,317.69,308.37,316.44,8622699
2022-02-01,MSFT,Microsoft,314.27,318.17,314.15,318.05,13002808
2022-02-02,MSFT,Microsoft,317.28,318.55,313.99,314.36,15106145
2022-02-03,MSFT,Microsoft,312.73,319.82,310.85,317.72,21041412
2022-02-04,MSFT,Microsoft,320.92,321.2,316.76,318.0,22069484
2022-02-07,MSFT,Microsoft,318.85,320.81,313.92,314.9,13134453
2022-02-08,MSFT,Microsoft,316.08,317.99,310.39,311.31,21574226
2022-02-09,MSFT,Microsoft,312.76,313.26,309.45,311.27,14607714
2022-02-10,MSFT,Microsoft,312.22,312.99,306.81,307.55,16113317
2022-02-11,MSFT,Microsoft,309.75,310.93,308.72,309.2,15726765
2022-02-14,MSFT,Microsoft,310.53,311.21,303.99,305.59,25416123
2022-02-15,MSFT,Microsoft,306.66,312.51,306.58,311.23,17120389
2022-02-16,MSFT,Microsoft,310.43,310.86,307.94,309.11,13754178
2022-02-17,MSFT,Microsoft,310.22,311.96,306.02,307.18,13808025
2022-02-18,MSFT,Microsoft,306.5,313.36,306.08,312.03,12511401
2022-02-21,MSFT,Microsoft,311.84,319.66,310.68,318.47,23034855
2022-02-22,MSFT,Microsoft,317.28,318.36,312.75,313.2,12431052
2022-02-23,MSFT,Microsoft,313.97,315.89,312.37,312.56,24438787
2022-02-24,MSFT,Microsoft,310.43,316.78,310.39,314.06,23476745
2022-02-25,MSFT,Microsoft,314.92,315.45,312.68,313.68,11171456
2022-02-28,MSFT,Microsoft,313.61,314.9,308.11,309.39,13680435
2022-03-01,MSFT,Microsoft,312.86,315.41,312.51,314.91,14274513
2022-03-02,MSFT,Microsoft,318.29,319.03,309.19,309.39,11720115
2022-03-03,MSFT,Microsoft,309.4,311.69,299.86,300.85,17585998
2022-03-04,MSFT,Microsoft,302.52,305.46,302.28,303.82,14866338
2022-03-07,MSFT,Microsoft,304.52,304.71,303.44,304.45,17665799
2022-03-08,MSFT,Microsoft,306.39,316.66,306.03,316.02,15974940
2022-03-09,MSFT,Microsoft,315.37,316.05,308.42,311.12,18193648
2022-03-10,MSFT,Microsoft,309.6,311.38,304.67,304.68,10602127
2022-03-11,MSFT,Microsoft,302.65,304.45,301.34,302.93,31932827
2022-03-14,MSFT,Microsoft,304.87,305.01,298.46,299.74,12465220
2022-03-15,MSFT,Microsoft,301.23,302.29,296.07,296.69,12126969
2022-03-16,MSFT,Microsoft,295.03,296.26,287.5,288.73,22590848
2022-03-17,MSFT,Microsoft,287.67,289.29,284.46,285.66,13433663
2022-03-18,MSFT,Microsoft,281.84,298.16,280.96,297.53,22894989
2022-03-21,MSFT,Microsoft,297.55,301.18,295.66,300.69,8941385
2022-03-22,MSFT,Microsoft,300.79,301.03,300.05,300.55,21097059
2022-03-23,MSFT,Microsoft,302.0,302.37,299.99,300.73,24807000
2022-03-24,MSFT,Microsoft,299.96,301.07,299.85,300.78,12801797
2022-03-25,MSFT,Microsoft,301.12,301.35,296.27,297.81,14797604
2022-03-28,MSFT,Microsoft,294.94,306.23,292.35,306.09,20393280
2022-03-29,MSFT,Microsoft,306.31,306.59,298.9,299.01,15757307
2022-03-30,MSFT,Microsoft,299.0,303.8,298.28,302.37,12025070
2022-03-31,MSFT,Microsoft,299.77,304.46,298.93,302.47,12336682
2022-04-01,MSFT,Microsoft,301.44,304.7,301.18,303.6,10650775
2022-04-04,MSFT,Microsoft,303.88,304.94,300.37,301.2,16947718
2022-04-05,MSFT,Microsoft,303.07,304.05,301.64,303.95,10631592
2022-04-06,MSFT,Microsoft,306.74,308.29,294.6,295.32,20662443
2022-04-07,MSFT,Microsoft,294.98,296.92,289.32,289.55,11034259
2022-04-08,MSFT,Microsoft,293.28,294.22,285.0,286.48,16393732
2022-04-11,MSFT,Microsoft,285.95,287.61,285.1,286.7,9894965
2022-04-12,MSFT,Microsoft,288.56,288.7,279.99,281.03,19164560
2022-04-13,MSFT,Microsoft,280.44,282.74,279.19,282.14,10379747
2022-04-14,MSFT,Microsoft,280.63,287.48,280.24,285.94,9939442
2022-04-15,MSFT,Microsoft,285.66,288.28,285.0,286.76,18177154
2022-04-18,MSFT,Microsoft,284.57,285.98,283.53,285.78,17343656
2022-04-19,MSFT,Microsoft,283.96,287.82,282.69,287.43,21781750
2022-04-20,MSFT,Microsoft,288.53,289.89,285.8,289.18,18456004
2022-04-21,MSFT,Microsoft,292.51,293.84,283.66,285.12,15124717
2022-04-22,MSFT,Microsoft,282.28,283.92,281.58,281.75,19762166
2022-04-25,MSFT,Microsoft,284.07,284.94,282.23,282.64,17882093
2022-04-26,MSFT,Microsoft,279.8,287.81,279.79,286.16,13118929
2022-04-27,MSFT,Microsoft,284.32,284.77,282.09,282.65,9745467
2022-04-28,MSFT,Microsoft,284.4,288.84,283.28,287.35,14950908
2022-04-29,MSFT,Microsoft,285.01,294.0,284.64,292.63,12358359
2022-05-02,MSFT,Microsoft,294.54,294.64,284.41,285.65,10084330
2022-05-03,MSFT,Microsoft,286.42,290.75,285.0,290.49,11836569
2022-05-04,MSFT,Microsoft,288.27,294.7,288.25,294.4,20346179
2022-05-05,MSFT,Microsoft,296.55,298.04,290.43,293.51,18727434
2022-05-06,MSFT,Microsoft,293.73,299.35,293.33,298.1,14083070
2022-05-09,MSFT,Microsoft,297.28,298.94,289.62,290.29,16907176
2022-05-10,MSFT,Microsoft,287.85,295.72,286.81,293.79,14857677
2022-05-11,MSFT,Microsoft,294.96,295.63,287.39,291.43,14316539
2022-05-12,MSFT,Microsoft,290.65,290.87,289.05,289.44,16748823
2022-05-13,MSFT,Microsoft,290.69,295.28,289.34,294.43,16139880
2022-05-16,MSFT,Microsoft,296.08,301.13,295.21,300.73,13662576
2022-05-17,MSFT,Microsoft,303.01,311.29,301.86,310.42,17730978
2022-05-18,MSFT,Microsoft,309.96,312.22,303.09,303.77,14182351
2022-05-19,MSFT,Microsoft,304.93,314.3,304.41,313.76,11843886
2022-05-20,MSFT,Microsoft,312.67,312.71,309.04,309.13,13190406
2022-05-23,MSFT,Microsoft,309.57,313.54,308.23,312.44,14326320
2022-05-24,MSFT,Microsoft,311.94,312.02,306.25,306.72,16713596
2022-05-25,MSFT,Microsoft,303.08,303.23,300.58,300.92,24339840
2022-05-26,MSFT,Microsoft,298.04,302.72,297.08,301.1,21050835
2022-05-27,MSFT,Microsoft,301.71,302.66,295.35,296.17,14674261
2022-05-30,MSFT,Microsoft,295.1,300.24,294.28,298.88,16128029
2022-05-31,MSFT,Microsoft,297.76,304.47,297.04,301.94,20258023
2022-06-01,MSFT,Microsoft,301.39,305.33,300.56,304.98,23120460
2022-06-02,MSFT,Microsoft,307.13,307.57,303.12,304.42,16180970
2022-06-03,MSFT,Microsoft,306.41,307.16,301.79,303.17,11701731
2022-06-06,MSFT,Microsoft,301.48,303.43,299.25,302.58,8936723
2022-06-07,MSFT,Microsoft,301.24,307.56,300.3,307.37,14361941
2022-06-08,MSFT,Microsoft,307.22,308.77,303.54,306.25,21350537
2022-06-09,MSFT,Microsoft,306.29,307.5,301.13,302.47,19293594
2022-06-10,MSFT,Microsoft,302.48,304.02,302.29,303.44,28571207
2022-06-13,MSFT,Microsoft,303.69,303.94,294.66,295.41,13994679
2022-06-14,MSFT,Microsoft,296.26,296.33,288.56,290.2,17930751
2022-06-15,MSFT,Microsoft,290.13,294.49,289.47,294.14,12926709
2022-06-16,MSFT,Microsoft,295.48,296.31,289.45,289.76,13795003
2022-06-17,MSFT,Microsoft,290.03,298.96,289.47,298.29,30175803
2022-06-20,MSFT,Microsoft,296.65,297.73,294.26,294.97,16793213
2022-06-21,MSFT,Microsoft,292.46,298.87,291.21,298.65,25229795
2022-06-22,MSFT,Microsoft,299.32,301.48,297.21,299.72,16380055
2022-06-23,MSFT,Microsoft,297.37,300.63,295.2,300.58,26306644
2022-06-24,MSFT,Microsoft,302.25,305.57,302.01,305.57,11550597
2022-06-27,MSFT,Microsoft,305.07,305.15,302.66,303.98,12555028
2022-06-28,MSFT,Microsoft,305.44,306.88,303.69,305.22,7886656
2022-06-29,MSFT,Microsoft,307.61,309.29,307.35,308.57,12865968
2022-06-30,MSFT,Microsoft,305.15,305.54,302.0,302.22,16115303
2022-07-01,MSFT,Microsoft,300.26,306.51,300.15,306.21,22396542
2022-07-04,MSFT,Microsoft,307.05,318.71,306.0,316.26,9571927
2022-07-05,MSFT,Microsoft,315.82,317.73,314.92,316.49,26164598
2022-07-06,MSFT,Microsoft,314.29,314.55,309.3,309.79,14445300
2022-07-07,MSFT,Microsoft,308.12,310.26,305.4,306.74,13366165
2022-07-08,MSFT,Microsoft,306.48,307.48,302.93,304.92,11992819
2022-07-11,MSFT,Microsoft,302.66,308.38,302.32,308.15,21758147
2022-07-12,MSFT,Microsoft,306.37,311.12,304.67,308.91,22884714
2022-07-13,MSFT,Microsoft,314.44,314.76,313.64,314.14,20000056
2022-07-14,MSFT,Microsoft,313.2,316.85,310.93,315.41,28058385
2022-07-15,MSFT,Microsoft,310.33,311.82,308.88,311.71,20218829
2022-07-18,MSFT,Microsoft,316.76,319.3,309.67,312.04,9719645
2022-07-19,MSFT,Microsoft,312.04,324.96,310.39,324.17,18475927
2022-07-20,MSFT,Microsoft,322.43,331.58,320.19,330.6,18173092
2022-07-21,MSFT,Microsoft,327.29,334.11,324.81,331.92,33403651
2022-07-22,MSFT,Microsoft,329.16,330.94,323.91,324.84,17160015
2022-07-25,MSFT,Microsoft,323.84,326.42,322.88,325.83,25064860
2022-07-26,MSFT,Microsoft,324.91,330.17,324.25,329.53,12478745
2022-07-27,MSFT,Microsoft,329.27,330.05,326.78,328.08,23200051
2022-07-28,MSFT,Microsoft,327.02,336.32,324.38,334.8,8149556
2022-07-29,MSFT,Microsoft,336.3,337.62,335.12,336.61,10145691
2022-08-01,MSFT,Microsoft,332.05,332.47,329.66,330.91,18416108
2022-08-02,MSFT,Microsoft,328.57,329.07,326.4,326.84,16733539
2022-08-03,MSFT,Microsoft,326.3,328.24,325.49,327.89,13014118
2022-08-04,MSFT,Microsoft,325.7,330.77,324.7,329.43,14661627
2022-08-05,MSFT,Microsoft,331.73,332.72,328.82,328.94,8354075
2022-08-08,MSFT,Microsoft,331.32,333.2,322.2,323.33,13303134
2022-08-09,MSFT,Microsoft,322.9,328.49,322.78,327.28,42374019
2022-08-10,MSFT,Microsoft,327.31,330.27,323.81,326.22,13111298
2022-08-11,MSFT,Microsoft,326.09,332.27,324.19,332.1,49578608
2022-08-12,MSFT,Microsoft,334.07,339.71,332.87,339.55,14045323
2022-08-15,MSFT,Microsoft,337.35,339.76,336.19,339.17,21443667
2022-08-16,MSFT,Microsoft,338.4,351.76,336.75,350.11,14596743
2022-08-17,MSFT,Microsoft,351.74,351.86,346.56,346.71,17509749
2022-08-18,MSFT,Microsoft,344.32,347.21,342.39,346.92,9055705
2022-08-19,MSFT,Microsoft,346.27,346.61,342.76,343.31,26384215
2022-08-22,MSFT,Microsoft,341.86,342.62,334.04,335.24,9399946
2022-08-23,MSFT,Microsoft,335.45,335.85,332.29,332.62,34268698
2022-08-24,MSFT,Microsoft,329.94,330.52,329.38,330.02,19047554
2022-08-25,MSFT,Microsoft,330.92,333.59,330.47,332.06,13460321
2022-08-26,MSFT,Microsoft,330.23,335.7,329.13,333.32,12887678
2022-08-29,MSFT,Microsoft,330.7,330.74,327.73,328.08,8400575
2022-08-30,MSFT,Microsoft,325.61,330.28,324.73,330.16,14750749
2022-08-31,MSFT,Microsoft,328.17,328.71,326.25,327.75,33078330
2022-09-01,MSFT,Microsoft,326.21,335.44,325.78,333.86,20583470
2022-09-02,MSFT,Microsoft,334.15,343.23,331.72,341.42,7915141
2022-09-05,MSFT,Microsoft,339.27,340.26,333.66,334.11,11018535
2022-09-06,MSFT,Microsoft,337.14,338.04,331.24,331.52,20474259
2022-09-07,MSFT,Microsoft,332.13,332.58,328.33,328.83,20337425
2022-09-08,MSFT,Microsoft,328.21,330.2,327.41,330.14,14519056
2022-09-09,MSFT,Microsoft,331.55,333.91,330.6,331.83,17130084
2022-09-12,MSFT,Microsoft,332.29,333.88,329.3,331.22,11711856
2022-09-13,MSFT,Microsoft,328.13,335.13,327.88,333.31,22336728
2022-09-14,MSFT,Microsoft,334.05,335.06,325.67,326.48,6039174
2022-09-15,MSFT,Microsoft,324.41,333.16,324.08,332.57,13515356
2022-09-16,MSFT,Microsoft,332.07,332.31,329.46,330.4,33397046
2022-09-19,MSFT,Microsoft,326.31,334.02,325.16,333.69,18936388
2022-09-20,MSFT,Microsoft,332.8,334.13,328.44,328.56,17206031
2022-09-21,MSFT,Microsoft,329.99,335.58,329.32,335.14,15850466
2022-09-22,MSFT,Microsoft,335.74,335.85,334.02,334.39,13933421
2022-09-23,MSFT,Microsoft,334.86,335.55,332.77,333.9,8458834
2022-09-26,MSFT,Microsoft,333.48,334.4,329.54,331.72,14212518
2022-09-27,MSFT,Microsoft,331.41,333.18,328.66,329.97,16305341
2022-09-28,MSFT,Microsoft,333.52,334.61,332.62,333.83,9360061
2022-09-29,MSFT,Microsoft,330.5,340.64,328.95,339.36,13809173
2022-09-30,MSFT,Microsoft,338.7,340.3,331.35,332.99,14321161
2022-10-03,MSFT,Microsoft,335.23,336.74,333.38,336.41,36855138
2022-10-04,MSFT,Microsoft,338.57,340.09,332.31,333.7,13756952
2022-10-05,MSFT,Microsoft,335.87,336.11,332.35,332.93,12039424
2022-10-06,MSFT,Microsoft,332.41,336.16,331.69,334.12,35529945
2022-10-07,MSFT,Microsoft,331.6,332.83,330.9,332.81,20926692
2022-10-10,MSFT,Microsoft,333.55,335.78,332.14,335.76,13832858
2022-10-11,MSFT,Microsoft,334.4,340.56,333.43,340.26,8918301
2022-10-12,MSFT,Microsoft,343.77,344.21,342.03,342.49,39262396
2022-10-13,MSFT,Microsoft,340.6,345.89,339.98,343.98,15085976
2022-10-14,MSFT,Microsoft,347.27,347.97,346.23,346.36,28408635
2022-10-17,MSFT,Microsoft,347.1,351.81,345.13,351.02,12657612
2022-10-18,MSFT,Microsoft,349.78,357.42,349.24,355.65,10278776
2022-10-19,MSFT,Microsoft,360.66,362.19,359.84,361.97,22467374
2022-10-20,MSFT,Microsoft,362.7,364.29,361.89,363.69,11365669
2022-10-21,MSFT,Microsoft,363.25,365.1,360.13,362.37,21477849
2022-10-24,MSFT,Microsoft,364.62,366.14,357.19,359.02,12179581
2022-10-25,MSFT,Microsoft,359.7,361.13,351.37,351.5,27848979
2022-10-26,MSFT,Microsoft,352.24,354.85,352.11,353.89,16324436
2022-10-27,MSFT,Microsoft,356.61,357.0,354.45,355.57,23866109
2022-10-28,MSFT,Microsoft,355.2,355.28,338.36,339.05,24303765
2022-10-31,MSFT,Microsoft,340.83,341.1,338.62,339.76,20686156
2022-11-01,MSFT,Microsoft,338.88,340.59,334.04,336.3,19441553
2022-11-02,MSFT,Microsoft,338.1,341.99,337.31,340.9,12788251
2022-11-03,MSFT,Microsoft,337.28,342.28,335.71,341.8,16061458
2022-11-04,MSFT,Microsoft,338.64,339.79,337.89,339.18,11254586
2022-11-07,MSFT,Microsoft,337.81,337.9,335.86,337.85,13352935
2022-11-08,MSFT,Microsoft,338.72,340.67,338.24,338.3,15999101
2022-11-09,MSFT,Microsoft,336.91,339.58,336.61,338.93,15521231
2022-11-10,MSFT,Microsoft,335.65,344.33,333.82,342.07,29366426
2022-11-11,MSFT,Microsoft,342.39,343.51,337.66,340.22,14267034
2022-11-14,MSFT,Microsoft,343.08,344.94,336.58,336.62,16649231
2022-11-15,MSFT,Microsoft,339.4,341.82,337.03,337.7,19907571
2022-11-16,MSFT,Microsoft,335.19,347.36,334.98,346.42,15099656
2022-11-17,MSFT,Microsoft,346.71,348.23,339.69,341.59,16268494
2022-11-18,MSFT,Microsoft,338.84,348.95,338.16,347.34,19913395
2022-11-21,MSFT,Microsoft,346.13,354.94,345.5,351.22,19688433
2022-11-22,MSFT,Microsoft,354.97,357.05,349.32,349.75,19136078
2022-11-23,MSFT,Microsoft,349.44,350.62,346.12,347.86,14227935
2022-11-24,MSFT,Microsoft,348.11,360.71,347.83,359.78,8852585
2022-11-25,MSFT,Microsoft,363.7,367.46,362.27,366.85,13828681
2022-11-28,MSFT,Microsoft,366.83,375.46,365.76,375.33,15315535
2022-11-29,MSFT,Microsoft,376.62,378.2,364.79,365.37,17352393
2022-11-30,MSFT,Microsoft,365.71,368.59,358.38,360.79,17905826
2022-12-01,MSFT,Microsoft,361.77,376.67,359.02,374.06,13463963
2022-12-02,MSFT,Microsoft,374.23,374.29,370.1,371.31,12774986
2022-12-05,MSFT,Microsoft,371.82,375.84,368.51,374.22,10549473
2022-12-06,MSFT,Microsoft,376.81,377.46,373.08,375.91,21264048
2022-12-07,MSFT,Microsoft,375.55,382.34,374.47,381.5,11658794
2022-12-08,MSFT,Microsoft,382.61,388.7,382.47,388.49,24402217
2022-12-09,MSFT,Microsoft,391.16,395.33,389.09,395.16,15661457
2022-12-12,MSFT,Microsoft,394.76,400.04,394.02,399.61,14527823
2022-12-13,MSFT,Microsoft,402.81,403.42,397.44,399.74,19439880
2022-12-14,MSFT,Microsoft,401.65,403.77,399.61,402.62,22332941
2022-12-15,MSFT,Microsoft,396.67,398.27,391.96,392.36,19686130
2022-12-16,MSFT,Microsoft,396.71,398.4,395.13,395.27,9375810
2022-12-19,MSFT,Microsoft,392.3,397.97,391.53,396.81,25137028
2022-12-20,MSFT,Microsoft,395.88,403.06,395.33,402.86,11678681
2022-12-21,MSFT,Microsoft,404.71,409.23,403.74,408.15,17288935
2022-12-22,MSFT,Microsoft,406.84,408.06,406.48,407.17,19643842
2022-12-23,MSFT,Microsoft,410.62,413.01,401.48,403.78,17738063
2022-12-26,MSFT,Microsoft,407.56,412.29,399.9,401.41,19115173
2022-12-27,MSFT,Microsoft,396.0,402.45,395.8,401.87,23817588
2022-12-28,MSFT,Microsoft,401.13,416.05,400.32,414.52,15467421
2022-12-29,MSFT,Microsoft,414.1,417.45,413.45,416.04,14823959
2022-12-30,MSFT,Microsoft,413.29,415.7,412.88,413.9,16351279
2023-01-02,MSFT,Microsoft,418.04,421.16,415.38,416.35,10374287
2023-01-03,MSFT,Microsoft,418.98,419.34,408.27,409.37,14376211
2023-01-04,MSFT,Microsoft,412.83,419.51,410.58,418.98,17759810
2023-01-05,MSFT,Microsoft,421.09,423.64,418.42,418.64,18103274
2023-01-06,MSFT,Microsoft,419.12,419.37,415.39,416.94,9785774
2023-01-09,MSFT,Microsoft,415.78,423.25,414.3,421.3,23051338
2023-01-10,MSFT,Microsoft,420.59,428.84,419.76,427.22,17611666
2023-01-11,MSFT,Microsoft,427.31,428.25,427.2,428.11,23548557
2023-01-12,MSFT,Microsoft,428.94,430.2,423.99,426.89,16340642
2023-01-13,MSFT,Microsoft,427.88,428.03,424.23,427.04,18614208
2023-01-16,MSFT,Microsoft,429.77,435.3,424.59,435.12,9042054
2023-01-17,MSFT,Microsoft,436.33,437.15,432.77,434.58,19498256
2023-01-18,MSFT,Microsoft,432.05,435.66,431.95,433.97,13587738
2023-01-19,MSFT,Microsoft,436.09,437.81,427.86,428.99,13054221
2023-01-20,MSFT,Microsoft,431.18,432.32,429.05,430.04,27806510
2023-01-23,MSFT,Microsoft,427.34,430.5,423.33,424.56,14297604
2023-01-24,MSFT,Microsoft,423.23,431.11,422.64,430.52,9957263
2023-01-25,MSFT,Microsoft,427.8,436.05,427.48,434.75,10835298
2023-01-26,MSFT,Microsoft,430.16,430.83,429.49,430.59,23377898
2023-01-27,MSFT,Microsoft,436.48,441.86,436.08,441.47,28516754
2023-01-30,MSFT,Microsoft,440.77,449.45,439.55,446.38,8212439
2023-01-31,MSFT,Microsoft,446.71,446.87,422.73,423.36,10940863
2023-02-01,MSFT,Microsoft,422.97,425.03,414.35,416.51,12470428
2023-02-02,MSFT,Microsoft,415.5,419.23,414.44,417.93,17873209
2023-02-03,MSFT,Microsoft,417.26,425.85,416.79,424.64,17546886
2023-02-06,MSFT,Microsoft,419.68,434.71,417.52,433.15,12537465
2023-02-07,MSFT,Microsoft,436.31,437.33,429.74,429.99,22777819
2023-02-08,MSFT,Microsoft,429.34,431.47,424.66,425.53,26601851
2023-02-09,MSFT,Microsoft,422.62,424.84,411.93,413.6,16814808
2023-02-10,MSFT,Microsoft,414.45,416.23,404.56,405.57,22188706
2023-02-13,MSFT,Microsoft,407.08,408.29,404.61,404.89,20801536
2023-02-14,MSFT,Microsoft,407.07,409.25,400.23,400.62,16344601
2023-02-15,MSFT,Microsoft,397.61,405.6,396.73,404.76,12600200
2023-02-16,MSFT,Microsoft,407.0,408.03,394.52,397.18,15568623
2023-02-17,MSFT,Microsoft,396.66,402.72,394.0,401.12,13996347
2023-02-20,MSFT,Microsoft,403.31,403.32,399.39,401.07,21550036
2023-02-21,MSFT,Microsoft,400.38,402.49,399.02,401.99,17928373
2023-02-22,MSFT,Microsoft,401.53,401.77,394.82,396.16,18656826
2023-02-23,MSFT,Microsoft,396.88,400.66,396.59,400.52,20757475
2023-02-24,MSFT,Microsoft,403.02,406.41,401.61,403.91,17197983
2023-02-27,MSFT,Microsoft,405.52,405.64,401.84,402.61,16981097
2023-02-28,MSFT,Microsoft,405.24,412.06,403.68,411.55,18448552
2023-03-01,MSFT,Microsoft,406.46,408.37,402.76,404.55,9900986
2023-03-02,MSFT,Microsoft,398.65,405.62,396.08,404.76,22247573
2023-03-03,MSFT,Microsoft,409.68,412.54,409.49,411.27,30059597
2023-03-06,MSFT,Microsoft,410.14,410.66,399.62,402.05,14653845
2023-03-07,MSFT,Microsoft,401.37,408.14,400.19,405.83,20053106
2023-03-08,MSFT,Microsoft,409.79,411.43,401.26,404.02,17139609
2023-03-09,MSFT,Microsoft,404.0,404.31,397.92,398.93,29249162
2023-03-10,MSFT,Microsoft,397.16,414.92,393.7,413.87,19219545
2023-03-13,MSFT,Microsoft,412.63,413.25,403.75,405.81,22124054
2023-03-14,MSFT,Microsoft,407.93,409.72,403.79,405.48,14412249
2023-03-15,MSFT,Microsoft,408.53,409.55,397.78,399.63,13664813
2023-03-16,MSFT,Microsoft,399.23,399.23,389.43,391.34,14320319
2023-03-17,MSFT,Microsoft,387.93,394.66,387.28,393.97,14278581
2023-03-20,MSFT,Microsoft,389.92,394.59,389.48,393.76,8512467
2023-03-21,MSFT,Microsoft,396.58,402.99,395.62,399.97,12124417
2023-03-22,MSFT,Microsoft,399.34,412.44,399.12,411.53,11102270
2023-03-23,MSFT,Microsoft,408.54,415.96,407.6,415.95,22406479
2023-03-24,MSFT,Microsoft,417.87,418.43,415.01,415.29,17487611
2023-03-27,MSFT,Microsoft,411.25,413.48,409.04,409.82,12690074
2023-03-28,MSFT,Microsoft,410.65,421.64,409.08,418.19,16079097
2023-03-29,MSFT,Microsoft,419.34,419.39,402.63,403.08,19239396
2023-03-30,MSFT,Microsoft,405.85,406.43,404.17,405.49,11054576
2023-03-31,MSFT,Microsoft,403.3,405.56,402.56,403.93,24709989
2023-04-03,MSFT,Microsoft,404.75,407.2,402.32,403.03,11791151
2023-04-04,MSFT,Microsoft,404.64,404.92,399.05,399.91,21628454
2023-04-05,MSFT,Microsoft,397.25,405.83,396.35,405.09,18450719
2023-04-06,MSFT,Microsoft,401.1,402.69,394.46,395.51,12948570
2023-04-07,MSFT,Microsoft,391.94,396.35,389.56,396.01,15808886
2023-04-10,MSFT,Microsoft,396.9,397.08,389.66,391.35,13518607
2023-04-11,MSFT,Microsoft,392.84,393.26,386.21,388.47,10597834
2023-04-12,MSFT,Microsoft,387.5,388.18,381.58,381.78,32338545
2023-04-13,MSFT,Microsoft,381.86,387.42,381.02,386.94,24839100
2023-04-14,MSFT,Microsoft,389.61,392.68,384.01,384.28,13293270
2023-04-17,MSFT,Microsoft,387.91,395.84,386.86,393.1,11633030
2023-04-18,MSFT,Microsoft,387.23,396.93,386.85,395.0,11955685
2023-04-19,MSFT,Microsoft,398.88,399.61,388.55,389.0,22332579
2023-04-20,MSFT,Microsoft,389.06,395.0,388.2,392.49,23485408
2023-04-21,MSFT,Microsoft,392.68,396.46,390.59,396.14,16027256
2023-04-24,MSFT,Microsoft,397.68,402.66,395.42,400.9,16678558
2023-04-25,MSFT,Microsoft,398.25,399.02,396.41,398.97,17031661
2023-04-26,MSFT,Microsoft,401.36,404.08,397.06,398.68,13811711
2023-04-27,MSFT,Microsoft,399.4,409.09,398.57,407.11,24979954
2023-04-28,MSFT,Microsoft,407.13,412.83,406.48,412.62,14926138
2023-05-01,MSFT,Microsoft,414.66,415.11,406.65,407.65,13061892
2023-05-02,MSFT,Microsoft,405.9,410.8,399.36,407.43,12177921
2023-05-03,MSFT,Microsoft,401.22,413.83,398.78,411.81,25510482
2023-05-04,MSFT,Microsoft,413.32,414.69,404.51,405.48,12487571
2023-05-05,MSFT,Microsoft,404.14,412.99,401.58,411.16,15410245
2023-05-08,MSFT,Microsoft,409.69,416.37,408.82,415.63,9488137
2023-05-09,MSFT,Microsoft,413.49,418.3,411.88,417.09,21144210
2023-05-10,MSFT,Microsoft,421.88,429.08,420.37,427.12,8862890
2023-05-11,MSFT,Microsoft,426.93,427.07,426.01,426.75,19830951
2023-05-12,MSFT,Microsoft,428.98,433.37,419.31,420.95,14741857
2023-05-15,MSFT,Microsoft,419.39,422.42,405.36,408.42,9551154
2023-05-16,MSFT,Microsoft,409.74,410.39,406.35,407.58,12729084
2023-05-17,MSFT,Microsoft,405.51,407.57,404.3,407.19,11031973
2023-05-18,MSFT,Microsoft,404.09,421.94,401.88,421.91,19543717
2023-05-19,MSFT,Microsoft,422.53,436.01,420.96,433.17,15041259
2023-05-22,MSFT,Microsoft,432.24,435.83,430.72,433.98,14480329
2023-05-23,MSFT,Microsoft,427.64,437.25,427.49,435.12,21175234
2023-05-24,MSFT,Microsoft,436.49,437.55,427.21,432.49,16710272
2023-05-25,MSFT,Microsoft,433.96,436.32,420.21,423.09,12904462
2023-05-26,MSFT,Microsoft,424.12,431.04,423.34,428.34,13184832
2023-05-29,MSFT,Microsoft,424.32,437.15,420.96,436.52,16718318
2023-05-30,MSFT,Microsoft,439.12,440.08,425.8,428.24,11178946
2023-05-31,MSFT,Microsoft,430.71,434.53,430.55,432.54,7700343
2023-06-01,MSFT,Microsoft,433.64,433.75,427.78,428.68,21572260
2023-06-02,MSFT,Microsoft,430.05,430.09,415.16,416.63,18084102
2023-06-05,MSFT,Microsoft,416.23,416.6,410.13,411.74,14706747
2023-06-06,MSFT,Microsoft,409.41,415.15,408.8,413.96,17762810
2023-06-07,MSFT,Microsoft,416.02,418.47,410.79,413.03,14435933
2023-06-08,MSFT,Microsoft,412.14,416.44,410.64,413.67,7712050
2023-06-09,MSFT,Microsoft,406.87,428.35,403.89,427.06,19351162
2023-06-12,MSFT,Microsoft,422.67,422.89,419.42,420.15,15377812
2023-06-13,MSFT,Microsoft,417.89,419.0,416.52,418.36,11915316
2023-06-14,MSFT,Microsoft,417.19,426.76,415.0,426.55,15482235
2023-06-15,MSFT,Microsoft,424.88,425.14,417.97,421.65,11008442
2023-06-16,MSFT,Microsoft,418.85,421.78,416.95,417.85,16784473
2023-06-19,MSFT,Microsoft,414.1,418.89,412.31,417.63,16034534
2023-06-20,MSFT,Microsoft,417.82,418.71,413.61,414.69,18065088
2023-06-21,MSFT,Microsoft,413.36,430.22,413.12,428.05,8818135
2023-06-22,MSFT,Microsoft,425.52,428.95,420.74,422.03,38522347
2023-06-23,MSFT,Microsoft,419.32,425.59,416.52,424.55,18873923
2023-06-26,MSFT,Microsoft,421.2,422.91,415.07,417.53,29405997
2023-06-27,MSFT,Microsoft,412.78,422.91,411.33,421.59,12253365
2023-06-28,MSFT,Microsoft,423.6,435.5,422.71,435.43,23177827
2023-06-29,MSFT,Microsoft,429.76,439.56,428.1,438.06,40082589
2023-06-30,MSFT,Microsoft,432.23,448.73,431.55,448.24,37693647
2023-07-03,MSFT,Microsoft,443.06,457.77,438.56,453.57,17075624
2023-07-04,MSFT,Microsoft,451.03,463.7,450.98,462.04,11586809
2023-07-05,MSFT,Microsoft,465.89,468.18,454.9,457.23,20296517
2023-07-06,MSFT,Microsoft,457.17,471.87,455.51,468.92,19655856
2023-07-07,MSFT,Microsoft,469.84,472.86,458.47,459.54,8772849
2023-07-10,MSFT,Microsoft,460.79,472.28,459.15,467.11,8372222
2023-07-11,MSFT,Microsoft,465.99,467.75,459.2,459.62,22820791
2023-07-12,MSFT,Microsoft,458.53,464.57,456.94,463.34,22227639
2023-07-13,MSFT,Microsoft,463.77,472.06,459.78,469.95,12163974
2023-07-14,MSFT,Microsoft,468.39,473.77,464.99,472.35,7484912
2023-07-17,MSFT,Microsoft,468.24,476.01,467.22,472.84,17238486
2023-07-18,MSFT,Microsoft,466.07,477.97,464.18,477.15,17333884
2023-07-19,MSFT,Microsoft,479.36,482.11,469.42,469.89,14770166
2023-07-20,MSFT,Microsoft,469.17,471.94,465.32,471.89,24223304
2023-07-21,MSFT,Microsoft,467.83,489.78,467.09,488.84,19017725
2023-07-24,MSFT,Microsoft,492.7,495.53,490.89,494.05,15337523
2023-07-25,MSFT,Microsoft,492.76,493.96,479.78,481.24,18811933
2023-07-26,MSFT,Microsoft,481.23,497.29,478.08,494.54,18782428
2023-07-27,MSFT,Microsoft,496.32,499.75,487.52,488.45,13939278
2023-07-28,MSFT,Microsoft,490.73,492.75,475.78,477.91,16470756
2023-07-31,MSFT,Microsoft,474.34,484.12,473.69,482.32,16344872
2023-08-01,MSFT,Microsoft,482.15,487.75,479.95,484.6,10636571
2023-08-02,MSFT,Microsoft,489.34,493.04,486.11,492.84,14510180
2023-08-03,MSFT,Microsoft,487.47,500.82,486.12,500.52,11537689
2023-08-04,MSFT,Microsoft,499.95,503.32,495.48,497.18,15685157
2023-08-07,MSFT,Microsoft,500.29,513.83,496.57,511.09,16478447
2023-08-08,MSFT,Microsoft,511.05,511.73,491.14,492.1,22610634
2023-08-09,MSFT,Microsoft,490.49,499.02,488.26,495.27,11257375
2023-08-10,MSFT,Microsoft,492.14,506.85,492.0,506.58,13813670
2023-08-11,MSFT,Microsoft,510.62,511.0,505.2,505.76,14863594
2023-08-14,MSFT,Microsoft,503.75,521.5,502.51,518.95,11209390
2023-08-15,MSFT,Microsoft,521.74,524.05,519.7,521.11,13409878
2023-08-16,MSFT,Microsoft,516.69,519.03,497.69,498.9,15939286
2023-08-17,MSFT,Microsoft,499.51,517.6,498.37,515.53,11676883
2023-08-18,MSFT,Microsoft,514.19,515.75,509.83,512.54,13672791
2023-08-21,MSFT,Microsoft,512.7,532.32,510.54,529.16,24386130
2023-08-22,MSFT,Microsoft,528.9,529.6,520.87,521.44,12983807
2023-08-23,MSFT,Microsoft,526.13,526.46,519.47,519.49,23032402
2023-08-24,MSFT,Microsoft,521.03,523.52,519.54,519.63,17843085
2023-08-25,MSFT,Microsoft,514.9,527.03,513.25,518.1,17993681
2023-08-28,MSFT,Microsoft,516.06,529.72,515.0,527.23,8900143
2023-08-29,MSFT,Microsoft,521.42,541.12,521.05,540.44,25656878
2023-08-30,MSFT,Microsoft,538.37,540.81,530.72,532.51,16903820
2023-08-31,MSFT,Microsoft,533.37,537.96,526.32,534.6,21045702
2023-09-01,MSFT,Microsoft,532.99,536.17,530.84,536.09,17834779
2023-09-04,MSFT,Microsoft,539.79,540.04,537.81,538.53,20609998
2023-09-05,MSFT,Microsoft,540.77,541.61,535.79,538.86,21619264
2023-09-06,MSFT,Microsoft,544.29,546.09,529.01,530.89,36759865
2023-09-07,MSFT,Microsoft,532.74,552.23,532.49,550.18,14189966
2023-09-08,MSFT,Microsoft,551.36,551.44,539.86,548.27,16242604
2023-09-11,MSFT,Microsoft,546.79,561.29,543.22,559.4,15879815
2023-09-12,MSFT,Microsoft,553.47,568.6,551.71,566.9,28153344
2023-09-13,MSFT,Microsoft,569.13,570.6,550.73,554.59,16896177
2023-09-14,MSFT,Microsoft,554.51,576.05,553.84,571.06,19509163
2023-09-15,MSFT,Microsoft,574.63,575.48,567.87,568.23,15984666
2023-09-18,MSFT,Microsoft,571.12,578.12,569.24,577.7,6249321
2023-09-19,MSFT,Microsoft,572.18,595.95,570.72,594.08,13533576
2023-09-20,MSFT,Microsoft,591.76,606.32,587.83,603.45,21307535
2023-09-21,MSFT,Microsoft,600.3,605.01,599.52,604.64,23511091
2023-09-22,MSFT,Microsoft,594.76,609.04,594.56,606.61,15401861
2023-09-25,MSFT,Microsoft,606.84,610.38,605.81,608.81,17487745
2023-09-26,MSFT,Microsoft,608.77,616.38,602.78,603.6,22121714
2023-09-27,MSFT,Microsoft,599.83,605.19,595.96,604.45,27357473
2023-09-28,MSFT,Microsoft,607.72,608.59,603.97,605.56,25251142
2023-09-29,MSFT,Microsoft,600.98,607.67,599.55,606.92,20444644
2023-10-02,MSFT,Microsoft,607.1,610.83,601.36,603.44,8066305
2023-10-03,MSFT,Microsoft,596.97,617.34,596.2,613.31,10433447
2023-10-04,MSFT,Microsoft,608.77,609.01,604.25,607.14,23278793
2023-10-05,MSFT,Microsoft,610.4,621.71,609.34,620.81,15139713
2023-10-06,MSFT,Microsoft,620.6,621.23,610.63,611.4,13637725
2023-10-09,MSFT,Microsoft,612.51,614.98,612.28,613.39,18298393
2023-10-10,MSFT,Microsoft,607.57,612.41,606.28,611.64,7947286
2023-10-11,MSFT,Microsoft,612.33,612.45,601.21,603.4,18515779
2023-10-12,MSFT,Microsoft,593.91,606.32,590.16,603.99,13451410
2023-10-13,MSFT,Microsoft,599.89,600.56,596.27,598.8,14398563
2023-10-16,MSFT,Microsoft,594.77,600.31,592.3,598.39,17359581
2023-10-17,MSFT,Microsoft,597.08,601.15,596.29,598.17,38373172
2023-10-18,MSFT,Microsoft,592.55,605.05,590.66,604.5,8834594
2023-10-19,MSFT,Microsoft,608.94,609.48,601.13,606.62,16775023
2023-10-20,MSFT,Microsoft,602.98,604.62,599.74,603.63,10513464
2023-10-23,MSFT,Microsoft,602.94,603.06,587.43,588.39,17519015
2023-10-24,MSFT,Microsoft,584.86,597.78,582.48,591.71,19966723
2023-10-25,MSFT,Microsoft,593.85,594.41,563.36,567.35,11938650
2023-10-26,MSFT,Microsoft,568.64,587.49,567.12,585.77,23330403
2023-10-27,MSFT,Microsoft,581.55,592.86,581.46,592.11,11180171
2023-10-30,MSFT,Microsoft,595.27,610.27,592.4,608.05,30370926
2023-10-31,MSFT,Microsoft,611.91,613.91,608.85,609.17,24003968
2023-11-01,MSFT,Microsoft,602.87,605.43,593.41,597.5,20190384
2023-11-02,MSFT,Microsoft,594.47,597.11,592.92,596.37,14362944
2023-11-03,MSFT,Microsoft,592.38,593.72,581.36,582.23,16753549
2023-11-06,MSFT,Microsoft,580.99,585.37,580.83,582.02,18219131
2023-11-07,MSFT,Microsoft,582.88,585.27,572.6,572.98,11395893
2023-11-08,MSFT,Microsoft,576.63,578.72,542.38,543.96,23758979
2023-11-09,MSFT,Microsoft,547.15,550.23,544.35,549.21,41173595
2023-11-10,MSFT,Microsoft,543.59,560.17,543.36,559.44,14078946
2023-11-13,MSFT,Microsoft,553.85,556.97,550.08,552.16,13015711
2023-11-14,MSFT,Microsoft,547.7,564.08,547.35,563.52,8661946
2023-11-15,MSFT,Microsoft,558.21,580.82,557.4,576.98,21995612
2023-11-16,MSFT,Microsoft,577.01,591.77,576.54,586.36,11541495
2023-11-17,MSFT,Microsoft,589.27,591.37,576.39,579.41,25603854
2023-11-20,MSFT,Microsoft,580.03,580.16,566.28,566.83,13117568
2023-11-21,MSFT,Microsoft,577.19,579.24,568.84,569.63,23244218
2023-11-22,MSFT,Microsoft,566.76,575.27,564.95,571.65,18214393
2023-11-23,MSFT,Microsoft,573.07,575.73,572.67,574.77,8458267
2023-11-24,MSFT,Microsoft,574.38,575.89,561.89,562.19,16586855
2023-11-27,MSFT,Microsoft,557.21,559.66,555.38,559.63,22176278
2023-11-28,MSFT,Microsoft,550.07,551.01,538.48,541.18,20285953
2023-11-29,MSFT,Microsoft,542.46,543.21,532.44,532.85,13243709
2023-11-30,MSFT,Microsoft,532.61,536.74,530.04,534.59,15590556
2023-12-01,MSFT,Microsoft,535.4,537.4,531.17,532.45,12135008
2023-12-04,MSFT,Microsoft,534.28,534.32,531.33,531.97,14950512
2023-12-05,MSFT,Microsoft,535.6,536.1,533.13,533.95,24124419
2023-12-06,MSFT,Microsoft,534.6,536.34,522.94,523.39,15870535
2023-12-07,MSFT,Microsoft,521.06,521.85,515.55,518.39,15052143
2023-12-08,MSFT,Microsoft,523.55,526.91,498.6,501.27,20330683
2023-12-11,MSFT,Microsoft,504.29,505.99,497.91,499.59,15107719
2023-12-12,MSFT,Microsoft,499.0,500.24,491.11,492.36,16637308
2023-12-13,MSFT,Microsoft,492.9,495.61,490.94,493.51,15690412
2023-12-14,MSFT,Microsoft,492.33,492.99,491.33,491.34,12386947
2023-12-15,MSFT,Microsoft,490.44,502.36,490.04,500.37,13364244
2023-12-18,MSFT,Microsoft,501.5,502.52,497.44,498.52,10892843
2023-12-19,MSFT,Microsoft,497.88,501.77,496.47,501.15,12280279
2023-12-20,MSFT,Microsoft,501.68,501.83,493.21,493.96,13716206
2023-12-21,MSFT,Microsoft,498.43,500.22,490.24,490.49,14843057
2023-12-22,MSFT,Microsoft,496.23,498.67,485.84,490.05,20895485
2023-12-25,MSFT,Microsoft,490.86,491.31,486.27,487.47,9337823
2023-12-26,MSFT,Microsoft,488.42,492.2,486.92,490.85,24334447
2023-12-27,MSFT,Microsoft,485.25,504.74,484.18,501.33,9143476
2023-12-28,MSFT,Microsoft,498.66,501.5,495.54,496.65,24262195
2023-12-29,MSFT,Microsoft,495.85,496.7,487.2,488.48,14199707
2024-01-01,MSFT,Microsoft,489.2,489.71,485.01,486.6,15524711
2024-01-02,MSFT,Microsoft,485.0,485.71,483.14,484.79,10304841
2024-01-03,MSFT,Microsoft,483.54,483.54,482.81,483.34,9500502
2024-01-04,MSFT,Microsoft,484.12,489.45,483.19,487.35,18631705
2024-01-05,MSFT,Microsoft,489.87,494.3,483.41,483.44,22303079
2024-01-08,MSFT,Microsoft,485.18,485.5,472.59,474.67,23534160
2024-01-09,MSFT,Microsoft,480.17,480.36,477.49,477.72,15104860
2024-01-10,MSFT,Microsoft,480.23,493.42,478.93,493.42,18283870
2024-01-11,MSFT,Microsoft,496.48,496.84,485.16,487.6,12872124
2024-01-12,MSFT,Microsoft,487.26,488.79,484.64,488.55,20581282
2024-01-15,MSFT,Microsoft,486.81,489.2,484.35,487.78,22019935
2024-01-16,MSFT,Microsoft,491.73,491.96,481.61,484.41,19674442
2024-01-17,MSFT,Microsoft,489.19,490.79,475.18,476.79,21840359
2024-01-18,MSFT,Microsoft,478.86,496.7,477.47,494.92,7355456
2024-01-19,MSFT,Microsoft,495.36,506.7,494.85,503.49,21663542
2024-01-22,MSFT,Microsoft,505.65,507.32,499.33,500.53,16787315
2024-01-23,MSFT,Microsoft,507.13,507.66,493.47,497.6,20993238
2024-01-24,MSFT,Microsoft,495.91,497.65,494.67,494.92,10082555
2024-01-25,MSFT,Microsoft,488.43,490.21,487.87,488.28,12067526
2024-01-26,MSFT,Microsoft,486.25,492.55,484.41,491.48,30906114
2024-01-29,MSFT,Microsoft,492.81,497.72,490.46,497.66,13381999
2024-01-30,MSFT,Microsoft,497.58,499.0,495.68,497.94,19309063
2024-01-31,MSFT,Microsoft,498.74,505.27,496.87,504.87,15959896
2024-02-01,MSFT,Microsoft,503.45,513.42,501.57,513.37,19468403
2024-02-02,MSFT,Microsoft,512.34,518.01,511.63,516.13,11021391
2024-02-05,MSFT,Microsoft,520.62,525.47,507.5,510.01,23510145
2024-02-06,MSFT,Microsoft,512.84,513.98,510.57,513.76,12561108
2024-02-07,MSFT,Microsoft,516.31,518.27,510.23,511.74,15677895
2024-02-08,MSFT,Microsoft,513.68,514.45,497.95,498.05,4301526
2024-02-09,MSFT,Microsoft,502.95,503.75,489.17,490.84,18758589
2024-02-12,MSFT,Microsoft,496.46,497.55,486.48,490.69,22427596
2024-02-13,MSFT,Microsoft,491.54,492.37,482.93,483.94,12578335
2024-02-14,MSFT,Microsoft,486.79,489.73,486.08,489.38,12182941
2024-02-15,MSFT,Microsoft,492.68,494.54,486.5,486.59,17729551
2024-02-16,MSFT,Microsoft,488.24,503.68,488.0,501.07,13294338
2024-02-19,MSFT,Microsoft,502.2,512.05,500.52,509.62,9865445
2024-02-20,MSFT,Microsoft,512.39,523.46,512.35,522.96,11613593
2024-02-21,MSFT,Microsoft,525.69,530.15,521.86,527.97,19915879
2024-02-22,MSFT,Microsoft,526.48,536.22,523.95,535.21,19846129
2024-02-23,MSFT,Microsoft,543.33,543.5,531.48,532.66,21877552
2024-02-26,MSFT,Microsoft,539.51,543.52,538.26,543.3,22759392
2024-02-27,MSFT,Microsoft,542.97,544.46,535.72,536.34,15165026
2024-02-28,MSFT,Microsoft,538.48,548.4,536.67,548.37,13601728
2024-02-29,MSFT,Microsoft,551.32,553.72,547.67,547.93,15995994
2024-03-01,MSFT,Microsoft,549.98,550.09,541.05,541.5,39854435
2024-03-04,MSFT,Microsoft,540.01,547.92,538.56,545.6,10466953
2024-03-05,MSFT,Microsoft,545.91,548.96,541.8,542.1,25790077
2024-03-06,MSFT,Microsoft,535.52,548.52,534.33,548.05,23639705
2024-03-07,MSFT,Microsoft,540.3,542.87,537.36,539.28,8713320
2024-03-08,MSFT,Microsoft,537.4,548.28,537.14,547.65,15735009
2024-03-11,MSFT,Microsoft,545.95,551.2,544.86,548.55,22036221
2024-03-12,MSFT,Microsoft,551.52,554.01,541.32,542.38,9056909
2024-03-13,MSFT,Microsoft,540.41,551.0,537.64,550.76,10905116
2024-03-14,MSFT,Microsoft,551.04,551.67,545.3,546.82,17502626
2024-03-15,MSFT,Microsoft,547.83,551.86,542.17,550.24,10280843
2024-03-18,MSFT,Microsoft,551.36,559.91,550.58,559.17,13950955
2024-03-19,MSFT,Microsoft,555.92,571.74,552.96,567.45,17162473
2024-03-20,MSFT,Microsoft,564.33,576.6,560.03,572.56,17655444
2024-03-21,MSFT,Microsoft,571.7,588.82,570.39,588.62,14682390
2024-03-22,MSFT,Microsoft,584.32,585.8,580.72,584.46,40186598
2024-03-25,MSFT,Microsoft,583.53,588.37,579.08,585.2,12242024
2024-03-26,MSFT,Microsoft,587.46,601.66,583.97,600.39,10921683
2024-03-27,MSFT,Microsoft,604.28,606.86,602.19,603.07,10324668
2024-03-28,MSFT,Microsoft,603.25,607.87,602.13,602.2,18545732
2024-03-29,MSFT,Microsoft,593.49,602.28,593.16,598.17,27916269
2024-04-01,MSFT,Microsoft,606.61,609.07,591.75,591.79,13911195
2024-04-02,MSFT,Microsoft,600.32,603.89,597.4,599.32,16809218
2024-04-03,MSFT,Microsoft,601.98,607.06,599.35,601.56,12029854
2024-04-04,MSFT,Microsoft,603.66,629.07,603.3,627.67,8979005
2024-04-05,MSFT,Microsoft,630.2,633.86,601.06,602.05,9406938
2024-04-08,MSFT,Microsoft,601.74,601.76,590.78,593.4,17286355
2024-04-09,MSFT,Microsoft,592.41,603.5,589.62,603.09,17368399
2024-04-10,MSFT,Microsoft,603.77,604.21,597.7,601.31,26396815
2024-04-11,MSFT,Microsoft,603.99,605.04,595.56,599.92,12874266
2024-04-12,MSFT,Microsoft,594.9,601.31,591.85,600.85,20558219
2024-04-15,MSFT,Microsoft,599.41,601.27,597.68,599.19,21272739
2024-04-16,MSFT,Microsoft,598.56,599.37,587.53,590.38,17059243
2024-04-17,MSFT,Microsoft,596.51,597.23,592.51,594.67,18429861
2024-04-18,MSFT,Microsoft,595.16,608.28,590.97,604.61,19357739
2024-04-19,MSFT,Microsoft,606.52,607.59,597.85,601.32,10051160
2024-04-22,MSFT,Microsoft,604.4,607.45,595.38,597.8,14863486
2024-04-23,MSFT,Microsoft,598.99,610.52,596.83,608.44,13943620
2024-04-24,MSFT,Microsoft,608.78,609.09,595.57,595.7,12118400
2024-04-25,MSFT,Microsoft,602.9,603.8,594.85,594.86,16568099
2024-04-26,MSFT,Microsoft,601.48,604.65,601.34,601.66,13252728
2024-04-29,MSFT,Microsoft,600.77,619.45,598.03,619.42,12869046
2024-04-30,MSFT,Microsoft,621.59,622.52,590.22,591.54,30792784
2024-05-01,MSFT,Microsoft,590.64,591.24,585.02,588.63,11704178
2024-05-02,MSFT,Microsoft,588.68,600.48,586.96,598.4,9725289
2024-05-03,MSFT,Microsoft,597.27,599.42,593.09,593.63,10714207
2024-05-06,MSFT,Microsoft,594.75,595.13,578.64,583.98,32576932
2024-05-07,MSFT,Microsoft,576.93,579.19,576.21,577.61,17159264
2024-05-08,MSFT,Microsoft,580.16,583.53,574.84,575.49,12946385
2024-05-09,MSFT,Microsoft,581.73,594.45,580.15,593.32,20248818
2024-05-10,MSFT,Microsoft,602.43,605.72,586.53,591.8,17954037
2024-05-13,MSFT,Microsoft,591.54,606.14,590.47,601.02,16179579
2024-05-14,MSFT,Microsoft,602.09,612.66,597.32,609.75,22256077
2024-05-15,MSFT,Microsoft,609.36,631.76,609.27,627.37,12206241
2024-05-16,MSFT,Microsoft,628.67,631.41,628.46,630.79,20135558
2024-05-17,MSFT,Microsoft,628.83,629.82,625.13,627.13,14533689
2024-05-20,MSFT,Microsoft,627.71,632.8,623.47,629.35,9824747
2024-05-21,MSFT,Microsoft,627.11,631.59,618.02,619.26,22881899
2024-05-22,MSFT,Microsoft,621.96,624.22,620.62,622.59,18192134
2024-05-23,MSFT,Microsoft,625.37,633.45,621.96,630.84,21719402
2024-05-24,MSFT,Microsoft,628.69,632.05,626.12,630.03,19164286
2024-05-27,MSFT,Microsoft,632.96,639.85,630.94,638.93,23000583
2024-05-28,MSFT,Microsoft,640.05,642.99,638.57,642.67,14742203
2024-05-29,MSFT,Microsoft,641.72,643.38,639.04,639.05,14134087
2024-05-30,MSFT,Microsoft,636.47,643.31,633.08,641.42,10726661
2024-05-31,MSFT,Microsoft,644.77,653.07,631.29,633.97,13894584
2024-06-03,MSFT,Microsoft,633.48,636.53,628.76,631.72,16062988
2024-06-04,MSFT,Microsoft,637.13,640.91,616.03,616.05,11172835
2024-06-05,MSFT,Microsoft,609.81,620.45,609.45,619.8,20095416
2024-06-06,MSFT,Microsoft,622.48,623.91,619.16,623.53,20040324
2024-06-07,MSFT,Microsoft,616.64,634.18,615.24,627.81,17980786
2024-06-10,MSFT,Microsoft,631.8,638.1,614.49,618.26,18637252
2024-06-11,MSFT,Microsoft,615.26,617.46,606.99,607.46,20599633
2024-06-12,MSFT,Microsoft,610.2,611.61,609.31,611.47,11634759
2024-06-13,MSFT,Microsoft,619.5,625.68,612.84,617.01,23786583
2024-06-14,MSFT,Microsoft,612.85,616.6,602.22,602.84,10167211
2024-06-17,MSFT,Microsoft,601.41,611.18,598.3,608.92,18765826
2024-06-18,MSFT,Microsoft,606.95,613.07,606.78,612.93,40984367
2024-06-19,MSFT,Microsoft,607.8,609.13,598.69,600.84,20331014
2024-06-20,MSFT,Microsoft,599.87,604.14,588.76,591.05,24614549
2024-06-21,MSFT,Microsoft,589.07,592.02,585.64,587.93,13848977
2024-06-24,MSFT,Microsoft,589.75,591.1,583.73,584.71,20225974
2024-06-25,MSFT,Microsoft,580.6,584.63,579.88,583.37,24303078
2024-06-26,MSFT,Microsoft,578.15,578.75,567.25,567.92,21644020
2024-06-27,MSFT,Microsoft,566.5,579.25,565.43,577.93,14010086
2024-06-28,MSFT,Microsoft,581.39,586.43,572.91,574.24,17398818
2024-07-01,MSFT,Microsoft,573.96,574.25,566.0,570.09,13657540
2024-07-02,MSFT,Microsoft,575.83,596.01,571.43,590.77,12436872
2024-07-03,MSFT,Microsoft,585.0,600.08,582.86,598.16,17796415
2024-07-04,MSFT,Microsoft,605.41,608.23,598.05,598.56,14579117
2024-07-05,MSFT,Microsoft,600.39,603.21,595.63,600.23,13106785
2024-07-08,MSFT,Microsoft,597.09,601.1,588.89,591.59,16065527
2024-07-09,MSFT,Microsoft,593.06,595.88,590.26,590.31,22580719
2024-07-10,MSFT,Microsoft,592.5,605.78,591.7,605.1,16136535
2024-07-11,MSFT,Microsoft,599.47,609.33,596.36,607.67,21961457
2024-07-12,MSFT,Microsoft,610.55,611.38,606.29,608.12,16093319
2024-07-15,MSFT,Microsoft,610.24,611.81,599.13,601.79,16840414
2024-07-16,MSFT,Microsoft,599.13,603.13,594.77,597.36,7872640
2024-07-17,MSFT,Microsoft,601.26,602.8,588.51,592.12,22958918
2024-07-18,MSFT,Microsoft,588.51,593.06,578.29,580.57,15990388
2024-07-19,MSFT,Microsoft,580.98,582.46,580.0,580.22,21811082
2024-07-22,MSFT,Microsoft,581.36,581.74,569.5,575.3,18778009
2024-07-23,MSFT,Microsoft,576.44,590.54,575.18,589.4,14849843
2024-07-24,MSFT,Microsoft,588.1,597.41,587.98,595.1,27277260
2024-07-25,MSFT,Microsoft,601.63,602.36,586.91,588.48,20073800
2024-07-26,MSFT,Microsoft,581.12,595.99,580.44,595.35,9153162
2024-07-29,MSFT,Microsoft,594.61,596.52,594.38,596.43,13558149
2024-07-30,MSFT,Microsoft,595.06,597.01,586.29,589.12,12958667
2024-07-31,MSFT,Microsoft,588.22,588.71,576.3,577.22,13742696
2024-08-01,MSFT,Microsoft,578.82,579.06,576.61,577.26,17209064
2024-08-02,MSFT,Microsoft,577.01,580.31,573.19,578.95,29434125
2024-08-05,MSFT,Microsoft,584.88,585.62,553.75,557.0,18010813
2024-08-06,MSFT,Microsoft,556.81,558.63,552.01,553.23,17147589
2024-08-07,MSFT,Microsoft,553.32,553.4,547.03,548.8,16867784
2024-08-08,MSFT,Microsoft,555.5,558.39,539.48,546.23,12986659
2024-08-09,MSFT,Microsoft,546.96,560.06,545.77,559.66,19447190
2024-08-12,MSFT,Microsoft,562.69,567.0,556.08,559.55,16202681
2024-08-13,MSFT,Microsoft,555.88,559.8,555.05,558.04,29902097
2024-08-14,MSFT,Microsoft,558.79,564.39,554.55,562.57,19015750
2024-08-15,MSFT,Microsoft,566.83,568.79,561.55,562.23,10597746
2024-08-16,MSFT,Microsoft,564.18,566.63,563.42,566.11,48673726
2024-08-19,MSFT,Microsoft,565.87,576.97,565.4,575.19,16716890
2024-08-20,MSFT,Microsoft,572.86,580.86,572.27,579.08,9427119
2024-08-21,MSFT,Microsoft,576.74,579.1,570.79,575.03,15411857
2024-08-22,MSFT,Microsoft,569.58,576.54,569.11,574.93,21236266
2024-08-23,MSFT,Microsoft,572.52,581.82,568.5,580.68,10019846
2024-08-26,MSFT,Microsoft,583.58,585.14,577.35,582.99,23755732
2024-08-27,MSFT,Microsoft,582.56,594.85,578.93,591.63,13213669
2024-08-28,MSFT,Microsoft,584.8,588.73,582.61,588.25,14584414
2024-08-29,MSFT,Microsoft,589.49,592.48,587.89,588.84,18002916
2024-08-30,MSFT,Microsoft,586.13,591.38,572.79,572.79,19218807
2024-09-02,MSFT,Microsoft,574.76,577.9,564.45,565.61,16049955
2024-09-03,MSFT,Microsoft,569.63,572.29,560.24,566.85,19749808
2024-09-04,MSFT,Microsoft,569.22,572.22,566.77,568.18,20496338
2024-09-05,MSFT,Microsoft,565.89,571.83,564.54,571.38,9382067
2024-09-06,MSFT,Microsoft,571.64,580.2,569.64,575.02,19269341
2024-09-09,MSFT,Microsoft,572.2,572.21,568.39,570.39,39051900
2024-09-10,MSFT,Microsoft,573.68,574.01,561.28,563.3,17995843
2024-09-11,MSFT,Microsoft,561.34,575.53,559.73,572.52,13146239
2024-09-12,MSFT,Microsoft,571.69,586.28,571.5,584.74,18716392
2024-09-13,MSFT,Microsoft,581.8,589.17,579.52,588.36,15709232
2024-09-16,MSFT,Microsoft,587.43,588.07,579.7,581.15,13398644
2024-09-17,MSFT,Microsoft,584.56,584.71,580.28,581.89,21812937
2024-09-18,MSFT,Microsoft,587.35,590.77,586.64,589.24,15706146
2024-09-19,MSFT,Microsoft,587.83,590.18,577.94,580.75,6622129
2024-09-20,MSFT,Microsoft,582.19,582.93,577.65,581.25,18049657
2024-09-23,MSFT,Microsoft,581.28,581.64,575.32,576.79,16694784
2024-09-24,MSFT,Microsoft,573.15,579.11,572.39,578.5,17425469
2024-09-25,MSFT,Microsoft,580.99,582.28,566.43,569.02,21244149
2024-09-26,MSFT,Microsoft,568.48,569.13,565.56,566.02,10537307
2024-09-27,MSFT,Microsoft,561.13,561.24,543.06,545.29,11278822
2024-09-30,MSFT,Microsoft,544.75,548.03,541.69,541.8,27816384
2024-10-01,MSFT,Microsoft,549.9,552.66,548.62,549.05,20327822
2024-10-02,MSFT,Microsoft,547.06,549.62,544.12,548.5,16924826
2024-10-03,MSFT,Microsoft,541.48,542.74,541.1,542.31,17756425
2024-10-04,MSFT,Microsoft,543.52,561.33,542.42,558.82,34159716
2024-10-07,MSFT,Microsoft,554.38,568.54,553.85,565.3,12375847
2024-10-08,MSFT,Microsoft,560.18,569.69,558.67,567.89,22607394
2024-10-09,MSFT,Microsoft,567.19,574.67,566.02,570.88,17201319
2024-10-10,MSFT,Microsoft,568.52,584.02,566.43,582.84,16456209
2024-10-11,MSFT,Microsoft,581.76,611.51,578.94,608.22,30157571
2024-10-14,MSFT,Microsoft,610.0,610.6,605.28,605.35,42956060
2024-10-15,MSFT,Microsoft,609.11,610.54,589.86,592.8,18125751
2024-10-16,MSFT,Microsoft,593.51,602.61,592.2,602.48,23706715
2024-10-17,MSFT,Microsoft,605.36,607.59,605.26,606.81,11824795
2024-10-18,MSFT,Microsoft,599.94,601.64,593.69,596.17,19941920
2024-10-21,MSFT,Microsoft,598.8,605.07,596.46,603.92,16420388
2024-10-22,MSFT,Microsoft,607.3,609.09,606.02,606.2,38837478
2024-10-23,MSFT,Microsoft,606.57,634.69,602.88,632.57,22220482
2024-10-24,MSFT,Microsoft,628.95,640.35,624.8,635.32,20987335
2024-10-25,MSFT,Microsoft,634.33,648.7,633.94,647.58,13890217
2024-10-28,MSFT,Microsoft,642.29,642.67,612.46,621.39,16148162
2024-10-29,MSFT,Microsoft,630.66,634.26,615.58,618.09,14658030
2024-10-30,MSFT,Microsoft,616.55,617.42,615.27,615.42,14568928
2024-10-31,MSFT,Microsoft,614.62,627.13,614.46,626.51,11043787
2024-11-01,MSFT,Microsoft,626.98,629.51,622.08,628.47,17159836
2024-11-04,MSFT,Microsoft,622.77,627.69,621.76,626.67,14525343
2024-11-05,MSFT,Microsoft,624.79,625.4,616.2,617.04,13420493
2024-11-06,MSFT,Microsoft,618.4,618.89,601.27,604.05,19811009
2024-11-07,MSFT,Microsoft,602.44,610.94,600.61,608.35,10181681
2024-11-08,MSFT,Microsoft,612.19,612.76,605.86,610.67,24220682
2024-11-11,MSFT,Microsoft,603.91,631.89,599.9,628.62,15961257
2024-11-12,MSFT,Microsoft,633.21,648.9,628.3,645.23,15083869
2024-11-13,MSFT,Microsoft,651.71,651.99,630.78,633.26,20991326
2024-11-14,MSFT,Microsoft,636.37,647.07,635.81,646.27,26200905
2024-11-15,MSFT,Microsoft,652.11,656.01,632.6,637.19,11925325
2024-11-18,MSFT,Microsoft,634.25,646.71,629.97,641.84,18357726
2024-11-19,MSFT,Microsoft,638.22,640.65,625.54,631.56,15864569
2024-11-20,MSFT,Microsoft,631.57,635.72,630.65,635.18,17848748
2024-11-21,MSFT,Microsoft,632.6,635.63,624.24,626.06,13674309
2024-11-22,MSFT,Microsoft,619.12,631.81,615.38,627.1,19844848
2024-11-25,MSFT,Microsoft,625.96,627.97,622.11,623.56,16436306
2024-11-26,MSFT,Microsoft,618.91,630.28,616.39,629.04,17579152
2024-11-27,MSFT,Microsoft,635.54,635.77,622.37,622.92,12669226
2024-11-28,MSFT,Microsoft,620.42,623.3,609.75,612.09,12365339
2024-11-29,MSFT,Microsoft,601.64,607.18,600.71,603.51,18155664
2024-12-02,MSFT,Microsoft,604.78,615.43,600.7,611.28,32066820
2024-12-03,MSFT,Microsoft,617.03,618.22,610.8,612.11,8443453
2024-12-04,MSFT,Microsoft,608.32,624.12,607.77,621.49,11393725
2024-12-05,MSFT,Microsoft,619.25,620.83,604.7,606.96,13796622
2024-12-06,MSFT,Microsoft,606.12,606.69,592.16,593.53,15862642
2024-12-09,MSFT,Microsoft,597.3,599.09,588.22,590.57,21934892
2024-12-10,MSFT,Microsoft,589.3,590.4,583.17,585.29,17028395
2024-12-11,MSFT,Microsoft,584.43,586.43,575.06,576.1,10873671
2024-12-12,MSFT,Microsoft,576.14,576.19,567.77,569.09,14591987
2024-12-13,MSFT,Microsoft,563.76,582.45,559.0,580.12,8939810
2024-12-16,MSFT,Microsoft,576.01,579.08,575.63,576.49,9098335
2024-12-17,MSFT,Microsoft,575.68,598.53,572.03,598.43,12650509
2024-12-18,MSFT,Microsoft,600.31,606.71,599.61,604.91,16469146
2024-12-19,MSFT,Microsoft,601.04,601.83,594.9,596.09,17333004
2024-12-20,MSFT,Microsoft,594.04,600.41,591.07,596.17,11438094
2024-12-23,MSFT,Microsoft,593.03,598.29,586.11,589.94,8036036
2024-12-24,MSFT,Microsoft,590.19,590.36,573.24,575.63,11593070
2024-12-25,MSFT,Microsoft,575.7,577.59,574.53,576.36,21641583
2024-12-26,MSFT,Microsoft,578.63,578.9,573.01,574.52,13921740
2024-12-27,MSFT,Microsoft,571.7,572.36,568.49,569.54,20520492
2024-12-30,MSFT,Microsoft,575.91,576.58,561.72,564.83,12003770
2024-12-31,MSFT,Microsoft,565.64,567.4,563.8,566.88,9778146
2022-01-03,NVDA,NVIDIA,299.55,300.66,293.48,295.91,23052644
2022-01-04,NVDA,NVIDIA,294.38,295.82,284.84,285.66,12286638
2022-01-05,NVDA,NVIDIA,283.75,294.83,281.45,292.4,20033961
2022-01-06,NVDA,NVIDIA,285.95,288.78,283.86,288.53,14452849
2022-01-07,NVDA,NVIDIA,291.79,299.15,290.95,297.58,24154100
2022-01-10,NVDA,NVIDIA,292.34,298.15,292.09,297.47,11688362
2022-01-11,NVDA,NVIDIA,295.21,298.11,288.46,288.55,9972897
2022-01-12,NVDA,NVIDIA,297.57,299.23,282.72,282.74,15691148
2022-01-13,NVDA,NVIDIA,276.79,291.57,276.26,290.88,16281155
2022-01-14,NVDA,NVIDIA,291.77,293.32,278.06,278.23,18038271
2022-01-17,NVDA,NVIDIA,278.57,290.89,278.01,290.59,16412278
2022-01-18,NVDA,NVIDIA,292.38,293.73,288.67,288.82,12836682
2022-01-19,NVDA,NVIDIA,287.07,288.6,285.0,286.74,31817457
2022-01-20,NVDA,NVIDIA,290.42,297.34,289.55,297.14,10687234
2022-01-21,NVDA,NVIDIA,294.99,295.97,290.56,292.87,12157413
2022-01-24,NVDA,NVIDIA,290.64,298.08,288.87,296.66,18085976
2022-01-25,NVDA,NVIDIA,299.15,306.26,298.57,305.61,20038042
2022-01-26,NVDA,NVIDIA,302.33,302.65,294.38,295.0,15029331
2022-01-27,NVDA,NVIDIA,300.79,301.54,295.8,297.76,20570220
2022-01-28,NVDA,NVIDIA,293.84,294.5,291.5,293.04,15985523
2022-01-31,NVDA,NVIDIA,291.08,293.89,280.27,281.29,17467594
2022-02-01,NVDA,NVIDIA,273.5,287.8,272.79,286.91,11737032
2022-02-02,NVDA,NVIDIA,290.84,292.03,278.12,278.87,22299193
2022-02-03,NVDA,NVIDIA,279.81,288.42,279.31,286.75,24314170
2022-02-04,NVDA,NVIDIA,282.96,283.03,280.55,282.48,14406031
2022-02-07,NVDA,NVIDIA,285.16,289.15,283.41,288.09,23927980
2022-02-08,NVDA,NVIDIA,290.2,290.75,284.53,285.98,15631363
2022-02-09,NVDA,NVIDIA,290.54,292.38,282.75,283.94,16201677
2022-02-10,NVDA,NVIDIA,280.05,282.2,279.24,282.11,14315790
2022-02-11,NVDA,NVIDIA,278.84,282.29,278.12,281.79,15382924
2022-02-14,NVDA,NVIDIA,276.84,276.89,265.3,265.36,10743259
2022-02-15,NVDA,NVIDIA,271.41,271.5,265.66,266.25,24421849
2022-02-16,NVDA,NVIDIA,266.68,286.13,266.16,285.89,18845711
2022-02-17,NVDA,NVIDIA,291.51,294.16,291.14,293.22,16537603
2022-02-18,NVDA,NVIDIA,293.09,294.5,285.48,287.91,8716476
2022-02-21,NVDA,NVIDIA,286.3,292.42,286.24,292.42,12127033
2022-02-22,NVDA,NVIDIA,293.35,293.45,286.65,287.27,23705010
2022-02-23,NVDA,NVIDIA,286.12,287.02,280.72,282.66,29675565
2022-02-24,NVDA,NVIDIA,280.95,282.42,275.03,276.54,13013484
2022-02-25,NVDA,NVIDIA,272.27,278.82,271.4,277.23,15773002
2022-02-28,NVDA,NVIDIA,277.08,277.38,262.63,263.35,13279305
2022-03-01,NVDA,NVIDIA,262.15,266.75,261.91,264.98,13338942
2022-03-02,NVDA,NVIDIA,267.25,273.77,266.42,273.68,43186852
2022-03-03,NVDA,NVIDIA,276.13,286.17,273.23,284.37,32357183
2022-03-04,NVDA,NVIDIA,286.53,287.26,284.99,285.23,22177718
2022-03-07,NVDA,NVIDIA,293.0,293.7,282.91,283.55,9288060
2022-03-08,NVDA,NVIDIA,278.76,297.74,276.15,297.15,14608997
2022-03-09,NVDA,NVIDIA,298.97,299.11,297.88,297.96,19659580
2022-03-10,NVDA,NVIDIA,300.29,301.66,291.44,291.72,13813662
2022-03-11,NVDA,NVIDIA,292.14,294.33,291.8,294.26,14708444
2022-03-14,NVDA,NVIDIA,292.41,293.54,290.09,290.15,18676902
2022-03-15,NVDA,NVIDIA,287.42,292.68,285.43,292.44,19700383
2022-03-16,NVDA,NVIDIA,297.02,297.14,291.52,292.15,11448104
2022-03-17,NVDA,NVIDIA,286.57,286.64,280.5,281.15,18722384
2022-03-18,NVDA,NVIDIA,276.97,290.61,276.95,289.23,17017486
2022-03-21,NVDA,NVIDIA,288.88,290.02,288.26,288.48,16237403
2022-03-22,NVDA,NVIDIA,291.19,292.45,290.4,291.76,19936514
2022-03-23,NVDA,NVIDIA,288.26,298.15,287.06,296.68,22396242
2022-03-24,NVDA,NVIDIA,296.44,297.1,289.13,290.38,19201726
2022-03-25,NVDA,NVIDIA,290.23,290.98,289.85,290.01,12785638
2022-03-28,NVDA,NVIDIA,290.48,292.17,286.29,287.42,19295732
2022-03-29,NVDA,NVIDIA,291.79,291.83,274.88,276.28,12404794
2022-03-30,NVDA,NVIDIA,277.11,277.72,266.95,267.85,13358006
2022-03-31,NVDA,NVIDIA,269.42,273.3,268.89,273.06,22260907
2022-04-01,NVDA,NVIDIA,278.52,288.13,277.76,288.0,17994862
2022-04-04,NVDA,NVIDIA,293.86,294.35,284.17,285.8,17419649
2022-04-05,NVDA,NVIDIA,281.7,283.12,278.67,278.67,13353999
2022-04-06,NVDA,NVIDIA,284.63,286.69,268.96,270.66,18322504
2022-04-07,NVDA,NVIDIA,270.23,271.38,263.3,263.71,15052061
2022-04-08,NVDA,NVIDIA,260.73,266.79,260.38,265.32,16490284
2022-04-11,NVDA,NVIDIA,272.64,273.69,272.45,273.34,31426443
2022-04-12,NVDA,NVIDIA,264.62,275.03,264.42,274.72,20696776
2022-04-13,NVDA,NVIDIA,271.32,282.19,270.38,281.77,14278084
2022-04-14,NVDA,NVIDIA,271.96,274.61,269.95,274.07,15547908
2022-04-15,NVDA,NVIDIA,276.32,276.42,252.06,253.08,16937436
2022-04-18,NVDA,NVIDIA,251.14,256.56,250.19,254.71,15516506
2022-04-19,NVDA,NVIDIA,253.43,260.54,252.67,260.18,10100721
2022-04-20,NVDA,NVIDIA,254.51,274.33,253.98,272.69,17848002
2022-04-21,NVDA,NVIDIA,269.17,275.89,268.69,274.35,21071703
2022-04-22,NVDA,NVIDIA,271.5,275.2,270.78,274.95,15410128
2022-04-25,NVDA,NVIDIA,272.33,274.19,270.68,273.64,14374070
2022-04-26,NVDA,NVIDIA,270.64,273.72,270.21,271.78,26541667
2022-04-27,NVDA,NVIDIA,268.47,268.56,258.73,258.92,29356233
2022-04-28,NVDA,NVIDIA,265.55,266.45,248.0,248.15,17804473
2022-04-29,NVDA,NVIDIA,247.38,262.11,247.34,261.7,38314266
2022-05-02,NVDA,NVIDIA,257.73,264.25,255.79,262.13,24094242
2022-05-03,NVDA,NVIDIA,257.8,259.56,257.74,259.35,8056246
2022-05-04,NVDA,NVIDIA,255.06,268.85,254.07,268.28,17027651
2022-05-05,NVDA,NVIDIA,271.42,271.56,260.06,260.83,8954091
2022-05-06,NVDA,NVIDIA,258.56,258.83,252.52,255.19,14189079
2022-05-09,NVDA,NVIDIA,252.84,253.88,247.7,247.76,22960959
2022-05-10,NVDA,NVIDIA,246.98,248.54,242.83,243.38,11801159
2022-05-11,NVDA,NVIDIA,244.28,245.29,243.93,245.01,14217690
2022-05-12,NVDA,NVIDIA,244.31,248.2,243.94,247.19,19841626
2022-05-13,NVDA,NVIDIA,247.83,248.98,244.28,246.32,15713052
2022-05-16,NVDA,NVIDIA,250.5,250.99,242.25,243.77,22546244
2022-05-17,NVDA,NVIDIA,246.04,250.14,244.99,250.0,12601097
2022-05-18,NVDA,NVIDIA,253.67,253.74,249.25,249.26,28740782
2022-05-19,NVDA,NVIDIA,245.87,258.01,245.77,256.28,11852002
2022-05-20,NVDA,NVIDIA,265.57,265.6,264.01,265.58,22952094
2022-05-23,NVDA,NVIDIA,266.97,267.52,260.2,261.73,6779171
2022-05-24,NVDA,NVIDIA,257.26,268.4,256.25,267.09,15941732
2022-05-25,NVDA,NVIDIA,262.15,264.16,261.74,263.67,10465901
2022-05-26,NVDA,NVIDIA,265.91,267.19,256.74,258.07,13476440
2022-05-27,NVDA,NVIDIA,263.08,264.65,260.59,261.71,23733076
2022-05-30,NVDA,NVIDIA,267.97,268.29,260.64,261.41,30755613
2022-05-31,NVDA,NVIDIA,261.04,269.94,259.93,269.36,16996587
2022-06-01,NVDA,NVIDIA,267.99,269.28,254.68,254.8,18390808
2022-06-02,NVDA,NVIDIA,256.41,257.11,244.88,245.33,13474906
2022-06-03,NVDA,NVIDIA,250.67,251.72,246.15,247.01,11192687
2022-06-06,NVDA,NVIDIA,246.28,247.44,240.01,240.61,15462100
2022-06-07,NVDA,NVIDIA,243.0,243.37,234.46,235.47,10370065
2022-06-08,NVDA,NVIDIA,233.46,234.65,233.3,233.97,15147540
2022-06-09,NVDA,NVIDIA,235.27,241.09,235.0,240.79,13000962
2022-06-10,NVDA,NVIDIA,239.95,241.92,232.8,233.91,16270558
2022-06-13,NVDA,NVIDIA,232.06,232.66,220.43,221.33,14384273
2022-06-14,NVDA,NVIDIA,220.96,227.11,219.51,225.93,27495238
2022-06-15,NVDA,NVIDIA,229.1,229.57,227.66,227.7,12136201
2022-06-16,NVDA,NVIDIA,226.16,226.44,222.62,222.88,15160066
2022-06-17,NVDA,NVIDIA,223.15,223.55,215.69,215.8,17542831
2022-06-20,NVDA,NVIDIA,213.88,236.7,213.45,236.49,20239169
2022-06-21,NVDA,NVIDIA,240.57,244.4,239.97,244.08,16675784
2022-06-22,NVDA,NVIDIA,241.47,258.51,240.5,257.38,12925154
2022-06-23,NVDA,NVIDIA,255.4,259.08,254.11,258.8,15619633
2022-06-24,NVDA,NVIDIA,261.73,262.1,243.52,245.82,14599426
2022-06-27,NVDA,NVIDIA,250.23,250.42,243.13,243.58,13341406
2022-06-28,NVDA,NVIDIA,241.74,244.22,241.39,242.94,14025871
2022-06-29,NVDA,NVIDIA,246.24,248.88,239.02,239.78,7639510
2022-06-30,NVDA,NVIDIA,240.29,240.45,235.56,236.75,26026652
2022-07-01,NVDA,NVIDIA,234.34,234.9,223.76,224.41,14129082
2022-07-04,NVDA,NVIDIA,225.45,226.72,221.68,223.61,10594740
2022-07-05,NVDA,NVIDIA,222.79,224.75,220.63,221.72,18311465
2022-07-06,NVDA,NVIDIA,219.95,222.09,219.6,221.33,11109363
2022-07-07,NVDA,NVIDIA,222.58,223.0,202.16,203.15,12330465
2022-07-08,NVDA,NVIDIA,204.29,204.5,192.01,192.97,15032846
2022-07-11,NVDA,NVIDIA,189.31,189.43,186.76,187.27,14231751
2022-07-12,NVDA,NVIDIA,190.42,191.48,179.09,179.4,15004674
2022-07-13,NVDA,NVIDIA,181.47,181.6,178.3,179.2,11864008
2022-07-14,NVDA,NVIDIA,177.6,178.42,169.54,170.6,47892318
2022-07-15,NVDA,NVIDIA,171.4,171.52,166.82,167.01,9641988
2022-07-18,NVDA,NVIDIA,165.34,169.03,165.33,168.25,13011878
2022-07-19,NVDA,NVIDIA,165.34,168.73,164.82,167.65,15626409
2022-07-20,NVDA,NVIDIA,163.04,169.64,162.07,169.5,15639635
2022-07-21,NVDA,NVIDIA,164.94,179.34,163.95,178.29,23877692
2022-07-22,NVDA,NVIDIA,175.41,185.17,173.95,183.43,14488899
2022-07-25,NVDA,NVIDIA,184.92,185.77,184.15,184.3,10949153
2022-07-26,NVDA,NVIDIA,184.65,185.07,183.08,184.17,15316038
2022-07-27,NVDA,NVIDIA,187.62,188.92,183.28,183.89,11557307
2022-07-28,NVDA,NVIDIA,179.21,196.71,179.1,195.46,17904202
2022-07-29,NVDA,NVIDIA,194.24,205.3,193.8,203.63,27394802
2022-08-01,NVDA,NVIDIA,200.25,201.56,196.77,197.28,20224247
2022-08-02,NVDA,NVIDIA,195.8,207.52,194.83,206.74,9794480
2022-08-03,NVDA,NVIDIA,204.15,216.74,203.73,216.24,13851739
2022-08-04,NVDA,NVIDIA,212.63,214.15,212.34,213.17,16309959
2022-08-05,NVDA,NVIDIA,214.87,224.17,214.5,223.94,15910901
2022-08-08,NVDA,NVIDIA,219.38,229.74,218.13,229.06,18318460
2022-08-09,NVDA,NVIDIA,224.39,246.55,222.83,245.86,16123533
2022-08-10,NVDA,NVIDIA,248.39,249.03,238.31,238.63,17342838
2022-08-11,NVDA,NVIDIA,240.8,242.1,226.03,226.17,13636436
2022-08-12,NVDA,NVIDIA,234.93,235.58,218.59,218.68,8858505
2022-08-15,NVDA,NVIDIA,215.94,232.04,215.23,231.01,13807399
2022-08-16,NVDA,NVIDIA,233.46,233.7,217.69,219.39,17064403
2022-08-17,NVDA,NVIDIA,222.2,237.01,220.36,236.59,21128542
2022-08-18,NVDA,NVIDIA,237.81,247.96,237.3,247.71,15295234
2022-08-19,NVDA,NVIDIA,249.12,264.13,248.25,263.69,15722174
2022-08-22,NVDA,NVIDIA,263.89,264.65,246.41,247.05,17175794
2022-08-23,NVDA,NVIDIA,253.26,253.63,239.9,240.32,10836601
2022-08-24,NVDA,NVIDIA,240.98,244.74,240.13,244.49,9419096
2022-08-25,NVDA,NVIDIA,245.8,262.72,245.76,262.05,10673036
2022-08-26,NVDA,NVIDIA,259.66,266.32,257.45,264.54,24161470
2022-08-29,NVDA,NVIDIA,264.59,264.76,259.0,259.01,11050519
2022-08-30,NVDA,NVIDIA,255.78,255.81,249.24,250.73,29798734
2022-08-31,NVDA,NVIDIA,250.65,250.73,245.96,246.16,13184264
2022-09-01,NVDA,NVIDIA,252.69,253.58,239.04,240.02,17294161
2022-09-02,NVDA,NVIDIA,243.48,243.87,239.89,240.45,12932138
2022-09-05,NVDA,NVIDIA,245.31,245.56,244.27,244.82,26076685
2022-09-06,NVDA,NVIDIA,244.96,248.1,244.87,248.08,16516607
2022-09-07,NVDA,NVIDIA,246.26,247.73,241.97,242.0,14656448
2022-09-08,NVDA,NVIDIA,241.86,242.01,236.6,237.91,51483306
2022-09-09,NVDA,NVIDIA,240.23,243.73,239.77,242.39,17552628
2022-09-12,NVDA,NVIDIA,248.23,254.14,246.17,252.79,8702301
2022-09-13,NVDA,NVIDIA,256.67,257.33,245.72,246.48,18088906
2022-09-14,NVDA,NVIDIA,245.47,246.7,239.01,240.52,23150173
2022-09-15,NVDA,NVIDIA,242.2,248.08,242.1,246.9,15949846
2022-09-16,NVDA,NVIDIA,245.28,246.45,245.0,245.59,12303726
2022-09-19,NVDA,NVIDIA,244.28,260.72,243.72,260.58,22715173
2022-09-20,NVDA,NVIDIA,253.88,260.03,253.37,259.99,15025892
2022-09-21,NVDA,NVIDIA,258.05,260.27,253.45,253.81,14209016
2022-09-22,NVDA,NVIDIA,252.79,255.24,247.97,249.86,18091513
2022-09-23,NVDA,NVIDIA,246.12,273.71,244.46,272.56,19589678
2022-09-26,NVDA,NVIDIA,276.22,277.45,275.57,277.37,10345268
2022-09-27,NVDA,NVIDIA,272.48,273.86,270.37,272.12,17499715
2022-09-28,NVDA,NVIDIA,272.12,273.35,271.4,271.77,22094927
2022-09-29,NVDA,NVIDIA,270.73,271.2,253.36,254.64,20885757
2022-09-30,NVDA,NVIDIA,254.14,255.96,253.54,254.22,21979562
2022-10-03,NVDA,NVIDIA,257.99,261.52,257.47,259.57,29288944
2022-10-04,NVDA,NVIDIA,260.22,266.76,258.88,264.36,26040041
2022-10-05,NVDA,NVIDIA,264.49,265.05,251.18,251.29,15481077
2022-10-06,NVDA,NVIDIA,247.41,247.66,241.51,242.29,20739365
2022-10-07,NVDA,NVIDIA,239.72,242.02,239.33,241.66,15453119
2022-10-10,NVDA,NVIDIA,240.56,241.16,238.47,238.76,13371364
2022-10-11,NVDA,NVIDIA,240.62,241.58,239.92,240.99,14248446
2022-10-12,NVDA,NVIDIA,243.65,255.7,242.11,254.21,9421269
2022-10-13,NVDA,NVIDIA,253.54,253.73,244.73,245.12,20385569
2022-10-14,NVDA,NVIDIA,244.97,256.58,243.78,254.45,15617092
2022-10-17,NVDA,NVIDIA,254.85,259.87,254.51,259.79,20070634
2022-10-18,NVDA,NVIDIA,259.85,260.31,258.7,258.75,8973722
2022-10-19,NVDA,NVIDIA,259.85,261.37,259.84,259.89,12917980
2022-10-20,NVDA,NVIDIA,258.72,263.12,258.14,261.24,11129636
2022-10-21,NVDA,NVIDIA,263.01,278.67,262.83,277.39,20265646
2022-10-24,NVDA,NVIDIA,280.42,281.36,263.15,264.74,30685333
2022-10-25,NVDA,NVIDIA,263.4,271.56,262.85,270.61,7798044
2022-10-26,NVDA,NVIDIA,275.29,275.7,265.67,266.69,9929068
2022-10-27,NVDA,NVIDIA,270.76,271.18,253.11,253.91,21660032
2022-10-28,NVDA,NVIDIA,253.53,254.67,244.0,244.54,16331585
2022-10-31,NVDA,NVIDIA,245.2,245.38,231.14,233.36,14449436
2022-11-01,NVDA,NVIDIA,232.86,237.05,232.85,237.03,22967615
2022-11-02,NVDA,NVIDIA,234.11,236.87,232.41,235.35,16028857
2022-11-03,NVDA,NVIDIA,235.98,240.2,235.16,239.52,24101078
2022-11-04,NVDA,NVIDIA,237.88,243.75,237.34,243.57,30472564
2022-11-07,NVDA,NVIDIA,241.99,242.3,233.61,233.71,23990788
2022-11-08,NVDA,NVIDIA,234.98,235.2,225.9,226.8,23424275
2022-11-09,NVDA,NVIDIA,225.55,234.16,224.31,233.28,23261354
2022-11-10,NVDA,NVIDIA,235.04,235.42,232.18,232.43,48171887
2022-11-11,NVDA,NVIDIA,230.52,239.57,230.37,239.21,18180438
2022-11-14,NVDA,NVIDIA,240.51,240.89,235.09,235.98,13970239
2022-11-15,NVDA,NVIDIA,238.91,239.41,224.5,224.8,12151131
2022-11-16,NVDA,NVIDIA,225.87,226.2,224.34,224.89,11883042
2022-11-17,NVDA,NVIDIA,227.27,227.64,224.45,225.96,9280843
2022-11-18,NVDA,NVIDIA,230.56,234.03,229.88,233.39,14632136
2022-11-21,NVDA,NVIDIA,230.67,245.26,230.64,244.29,22112443
2022-11-22,NVDA,NVIDIA,243.74,244.59,239.99,240.61,7453007
2022-11-23,NVDA,NVIDIA,240.36,241.24,229.11,229.29,17919942
2022-11-24,NVDA,NVIDIA,226.45,236.18,226.44,235.58,33426369
2022-11-25,NVDA,NVIDIA,237.84,245.94,236.84,244.59,13488721
2022-11-28,NVDA,NVIDIA,247.43,247.75,242.88,243.01,11110054
2022-11-29,NVDA,NVIDIA,245.99,247.46,239.77,240.6,19012264
2022-11-30,NVDA,NVIDIA,233.55,242.64,233.13,242.0,28457105
2022-12-01,NVDA,NVIDIA,239.75,241.41,238.51,241.33,16368514
2022-12-02,NVDA,NVIDIA,242.86,243.06,238.26,240.46,20944517
2022-12-05,NVDA,NVIDIA,243.98,249.34,241.07,248.84,16094415
2022-12-06,NVDA,NVIDIA,255.92,258.22,252.42,252.92,16821525
2022-12-07,NVDA,NVIDIA,253.59,284.66,252.8,283.65,15569757
2022-12-08,NVDA,NVIDIA,290.57,291.25,283.18,283.68,21314715
2022-12-09,NVDA,NVIDIA,281.78,300.82,281.13,300.0,37369553
2022-12-12,NVDA,NVIDIA,296.74,308.03,296.67,307.74,7867738
2022-12-13,NVDA,NVIDIA,316.48,317.07,306.71,307.91,14600788
2022-12-14,NVDA,NVIDIA,307.32,312.84,307.18,311.62,9477482
2022-12-15,NVDA,NVIDIA,314.63,327.56,314.06,326.74,14442720
2022-12-16,NVDA,NVIDIA,328.87,330.28,322.97,324.31,8136161
2022-12-19,NVDA,NVIDIA,328.78,330.47,326.16,327.39,18470434
2022-12-20,NVDA,NVIDIA,323.68,336.73,323.44,334.59,10049494
2022-12-21,NVDA,NVIDIA,338.79,339.2,313.58,315.7,7687167
2022-12-22,NVDA,NVIDIA,313.26,314.37,310.91,312.35,14552244
2022-12-23,NVDA,NVIDIA,307.12,312.22,304.75,311.59,21828808
2022-12-26,NVDA,NVIDIA,310.43,314.27,309.74,312.38,5557025
2022-12-27,NVDA,NVIDIA,316.07,317.09,301.42,301.55,25950654
2022-12-28,NVDA,NVIDIA,301.65,301.79,299.11,300.46,14965642
2022-12-29,NVDA,NVIDIA,297.2,308.87,295.99,308.28,12154636
2022-12-30,NVDA,NVIDIA,308.72,309.77,302.29,302.58,22124459
2023-01-02,NVDA,NVIDIA,305.32,306.12,294.37,295.55,23765117
2023-01-03,NVDA,NVIDIA,297.94,302.6,296.48,302.51,8930095
2023-01-04,NVDA,NVIDIA,301.31,301.57,295.06,295.32,23243268
2023-01-05,NVDA,NVIDIA,297.85,298.86,289.1,289.82,7541154
2023-01-06,NVDA,NVIDIA,292.04,308.21,291.49,307.19,21323589
2023-01-09,NVDA,NVIDIA,311.75,313.45,307.73,310.08,13970386
2023-01-10,NVDA,NVIDIA,312.63,313.88,300.47,300.76,9843735
2023-01-11,NVDA,NVIDIA,293.92,295.39,287.02,287.11,7787814
2023-01-12,NVDA,NVIDIA,292.65,292.84,288.35,288.67,12350244
2023-01-13,NVDA,NVIDIA,288.07,293.85,287.06,293.24,16369722
2023-01-16,NVDA,NVIDIA,292.48,302.4,291.83,300.58,14373142
2023-01-17,NVDA,NVIDIA,298.34,299.78,292.75,294.19,12589162
2023-01-18,NVDA,NVIDIA,294.03,313.18,293.07,312.09,13946685
2023-01-19,NVDA,NVIDIA,307.26,313.03,306.84,312.12,12285052
2023-01-20,NVDA,NVIDIA,305.92,324.81,304.8,324.27,9159194
2023-01-23,NVDA,NVIDIA,319.83,320.05,312.89,313.88,19903403
2023-01-24,NVDA,NVIDIA,318.57,321.83,308.49,308.99,13721114
2023-01-25,NVDA,NVIDIA,312.44,313.74,300.84,301.09,12895673
2023-01-26,NVDA,NVIDIA,299.49,314.17,298.38,311.95,17419059
2023-01-27,NVDA,NVIDIA,313.36,313.64,295.88,298.75,17760264
2023-01-30,NVDA,NVIDIA,298.73,300.11,298.18,299.39,9254438
2023-01-31,NVDA,NVIDIA,296.22,298.78,291.36,291.92,14531014
2023-02-01,NVDA,NVIDIA,294.19,294.7,289.96,290.48,7450475
2023-02-02,NVDA,NVIDIA,291.73,292.26,289.19,289.81,6542815
2023-02-03,NVDA,NVIDIA,290.75,295.97,289.47,295.53,13519604
2023-02-06,NVDA,NVIDIA,300.82,300.94,284.32,284.5,20597543
2023-02-07,NVDA,NVIDIA,283.36,297.95,282.42,297.84,17733256
2023-02-08,NVDA,NVIDIA,297.03,297.34,294.24,294.39,23554403
2023-02-09,NVDA,NVIDIA,292.07,294.52,282.08,284.64,9484565
2023-02-10,NVDA,NVIDIA,285.46,286.99,280.32,280.54,17354540
2023-02-13,NVDA,NVIDIA,277.74,301.44,276.51,301.24,15283978
2023-02-14,NVDA,NVIDIA,299.27,299.94,288.79,289.57,16475146
2023-02-15,NVDA,NVIDIA,288.93,308.23,288.67,307.83,17316012
2023-02-16,NVDA,NVIDIA,298.75,300.66,293.41,295.82,13418346
2023-02-17,NVDA,NVIDIA,294.24,305.76,293.48,304.64,16987669
2023-02-20,NVDA,NVIDIA,312.02,312.99,311.06,311.59,13084541
2023-02-21,NVDA,NVIDIA,313.2,316.39,300.11,300.38,17342585
2023-02-22,NVDA,NVIDIA,299.89,307.67,298.74,306.75,9492038
2023-02-23,NVDA,NVIDIA,303.86,322.97,302.6,322.46,23267966
2023-02-24,NVDA,NVIDIA,322.84,334.85,322.74,334.54,10879835
2023-02-27,NVDA,NVIDIA,333.88,356.29,333.72,354.55,8901556
2023-02-28,NVDA,NVIDIA,356.03,372.19,353.7,368.72,20924562
2023-03-01,NVDA,NVIDIA,367.42,368.63,354.2,355.0,8779752
2023-03-02,NVDA,NVIDIA,357.96,364.87,357.86,363.91,17977844
2023-03-03,NVDA,NVIDIA,367.93,368.32,366.59,367.95,14222360
2023-03-06,NVDA,NVIDIA,368.13,368.63,354.67,358.98,26489550
2023-03-07,NVDA,NVIDIA,354.27,369.97,353.72,368.96,10501498
2023-03-08,NVDA,NVIDIA,363.68,380.48,361.61,379.6,11594037
2023-03-09,NVDA,NVIDIA,377.83,396.15,377.59,394.57,20040280
2023-03-10,NVDA,NVIDIA,393.64,394.06,383.14,383.25,19415239
2023-03-13,NVDA,NVIDIA,383.91,394.93,383.19,394.78,12914231
2023-03-14,NVDA,NVIDIA,393.73,396.6,392.56,394.11,10265656
2023-03-15,NVDA,NVIDIA,390.63,394.77,389.34,394.33,9884760
2023-03-16,NVDA,NVIDIA,391.97,395.71,390.76,392.67,14552676
2023-03-17,NVDA,NVIDIA,399.3,401.19,384.71,386.22,18167158
2023-03-20,NVDA,NVIDIA,385.46,386.63,378.62,379.11,14255861
2023-03-21,NVDA,NVIDIA,376.21,379.79,365.08,368.35,25881780
2023-03-22,NVDA,NVIDIA,374.88,378.07,371.15,371.62,21039550
2023-03-23,NVDA,NVIDIA,369.93,386.26,369.15,384.87,15968419
2023-03-24,NVDA,NVIDIA,380.89,382.2,367.47,367.5,13703385
2023-03-27,NVDA,NVIDIA,366.41,387.0,366.06,385.25,15002819
2023-03-28,NVDA,NVIDIA,388.43,391.8,358.06,358.43,16217109
2023-03-29,NVDA,NVIDIA,359.02,360.35,341.5,342.0,15177949
2023-03-30,NVDA,NVIDIA,337.37,355.64,336.47,355.57,22973246
2023-03-31,NVDA,NVIDIA,355.81,391.19,354.74,390.56,22217131
2023-04-03,NVDA,NVIDIA,390.34,390.97,375.85,377.42,10632737
2023-04-04,NVDA,NVIDIA,377.05,388.42,375.91,388.41,19019470
2023-04-05,NVDA,NVIDIA,382.13,387.41,381.95,384.28,13507780
2023-04-06,NVDA,NVIDIA,384.31,384.94,373.97,374.33,28167719
2023-04-07,NVDA,NVIDIA,374.4,375.94,357.13,357.93,16284778
2023-04-10,NVDA,NVIDIA,365.23,365.84,361.46,362.57,11282214
2023-04-11,NVDA,NVIDIA,360.9,364.45,360.01,363.35,12297790
2023-04-12,NVDA,NVIDIA,368.08,374.86,366.81,373.99,21119704
2023-04-13,NVDA,NVIDIA,374.16,383.98,373.77,382.3,10138982
2023-04-14,NVDA,NVIDIA,379.57,383.93,361.61,366.76,18140857
2023-04-17,NVDA,NVIDIA,365.44,367.17,346.61,347.35,22468274
2023-04-18,NVDA,NVIDIA,346.19,352.14,345.95,351.78,18878804
2023-04-19,NVDA,NVIDIA,343.11,357.3,342.49,356.97,19924489
2023-04-20,NVDA,NVIDIA,355.01,368.94,353.37,368.44,19138308
2023-04-21,NVDA,NVIDIA,373.93,375.21,357.35,358.9,16133351
2023-04-24,NVDA,NVIDIA,357.41,366.43,356.09,366.33,25478547
2023-04-25,NVDA,NVIDIA,367.83,368.84,356.99,357.64,22439132
2023-04-26,NVDA,NVIDIA,360.2,384.82,357.41,383.51,14361079
2023-04-27,NVDA,NVIDIA,380.59,397.42,378.96,394.37,16856264
2023-04-28,NVDA,NVIDIA,392.62,394.47,382.96,384.38,14107990
2023-05-01,NVDA,NVIDIA,386.15,387.06,372.18,373.11,19768603
2023-05-02,NVDA,NVIDIA,376.18,378.0,364.6,365.71,17063118
2023-05-03,NVDA,NVIDIA,356.21,366.75,355.89,366.12,22084489
2023-05-04,NVDA,NVIDIA,361.29,365.26,361.1,362.54,9746871
2023-05-05,NVDA,NVIDIA,364.79,373.69,364.04,372.34,16970944
2023-05-08,NVDA,NVIDIA,383.38,384.62,383.38,383.85,11508110
2023-05-09,NVDA,NVIDIA,380.91,387.67,380.3,387.62,26799654
2023-05-10,NVDA,NVIDIA,387.15,388.39,385.5,386.88,18268603
2023-05-11,NVDA,NVIDIA,386.95,410.69,386.39,409.95,12747048
2023-05-12,NVDA,NVIDIA,412.49,413.65,392.87,393.24,12407552
2023-05-15,NVDA,NVIDIA,398.69,401.47,376.18,376.29,13146890
2023-05-16,NVDA,NVIDIA,387.0,387.83,379.18,381.9,17913031
2023-05-17,NVDA,NVIDIA,382.29,383.25,373.1,374.42,13871832
2023-05-18,NVDA,NVIDIA,378.62,378.94,366.82,367.96,11601903
2023-05-19,NVDA,NVIDIA,370.78,371.1,358.41,360.02,15903657
2023-05-22,NVDA,NVIDIA,360.95,363.29,358.02,358.66,18055324
2023-05-23,NVDA,NVIDIA,349.9,355.44,349.62,353.29,11452846
2023-05-24,NVDA,NVIDIA,353.93,354.2,343.69,344.13,12315886
2023-05-25,NVDA,NVIDIA,348.02,352.25,347.64,351.27,19290445
2023-05-26,NVDA,NVIDIA,347.72,348.65,339.53,341.28,10024129
2023-05-29,NVDA,NVIDIA,336.25,339.65,335.35,339.63,41004994
2023-05-30,NVDA,NVIDIA,338.73,339.23,337.97,338.85,14619119
2023-05-31,NVDA,NVIDIA,342.1,344.93,335.53,336.46,19210897
2023-06-01,NVDA,NVIDIA,327.05,342.72,326.37,341.67,13195511
2023-06-02,NVDA,NVIDIA,343.57,355.86,341.72,355.04,20593437
2023-06-05,NVDA,NVIDIA,350.36,356.05,350.21,354.13,23286985
2023-06-06,NVDA,NVIDIA,348.89,394.41,346.91,392.16,18651470
2023-06-07,NVDA,NVIDIA,395.32,397.81,387.82,388.77,15034165
2023-06-08,NVDA,NVIDIA,397.07,397.24,393.93,395.52,10871569
2023-06-09,NVDA,NVIDIA,384.95,397.52,383.15,397.12,20592517
2023-06-12,NVDA,NVIDIA,398.3,400.43,386.3,387.1,13403854
2023-06-13,NVDA,NVIDIA,380.43,397.99,379.96,397.84,12759810
2023-06-14,NVDA,NVIDIA,397.45,399.23,388.05,388.85,10935135
2023-06-15,NVDA,NVIDIA,403.16,404.17,401.19,404.06,10821526
2023-06-16,NVDA,NVIDIA,399.63,400.38,395.77,396.49,13800125
2023-06-19,NVDA,NVIDIA,402.87,403.45,384.69,384.73,19885833
2023-06-20,NVDA,NVIDIA,371.48,375.68,369.57,375.23,14404066
2023-06-21,NVDA,NVIDIA,374.68,401.8,374.21,401.53,11150015
2023-06-22,NVDA,NVIDIA,396.7,399.56,396.1,397.43,19490607
2023-06-23,NVDA,NVIDIA,393.16,399.91,390.22,399.51,38001171
2023-06-26,NVDA,NVIDIA,397.94,416.67,395.05,415.72,18523403
2023-06-27,NVDA,NVIDIA,414.02,415.33,405.46,405.75,28444997
2023-06-28,NVDA,NVIDIA,406.5,409.5,389.02,390.2,11855128
2023-06-29,NVDA,NVIDIA,389.62,391.6,383.97,384.17,18103209
2023-06-30,NVDA,NVIDIA,386.81,389.33,357.16,358.12,26150417
2023-07-03,NVDA,NVIDIA,356.9,358.15,349.46,350.93,14124559
2023-07-04,NVDA,NVIDIA,361.1,362.85,357.33,357.95,23517508
2023-07-05,NVDA,NVIDIA,355.91,358.9,355.9,357.38,19573827
2023-07-06,NVDA,NVIDIA,359.61,360.99,345.12,345.26,12526555
2023-07-07,NVDA,NVIDIA,351.3,361.94,348.63,360.84,13225019
2023-07-10,NVDA,NVIDIA,369.97,371.02,362.8,363.18,16532436
2023-07-11,NVDA,NVIDIA,354.18,373.41,353.71,371.61,17127279
2023-07-12,NVDA,NVIDIA,371.81,372.9,366.01,366.06,12351615
2023-07-13,NVDA,NVIDIA,371.27,378.5,368.31,377.95,9817063
2023-07-14,NVDA,NVIDIA,375.58,386.04,374.85,384.07,27378612
2023-07-17,NVDA,NVIDIA,385.59,385.72,376.73,378.02,17117275
2023-07-18,NVDA,NVIDIA,374.19,383.24,371.51,381.04,15859620
2023-07-19,NVDA,NVIDIA,385.41,386.98,382.48,383.22,12710942
2023-07-20,NVDA,NVIDIA,380.81,386.25,379.56,385.52,17537643
2023-07-21,NVDA,NVIDIA,389.63,397.73,387.94,395.13,16045614
2023-07-24,NVDA,NVIDIA,383.05,404.33,382.17,403.71,13519872
2023-07-25,NVDA,NVIDIA,398.25,414.23,397.92,410.84,26793125
2023-07-26,NVDA,NVIDIA,409.62,409.82,406.59,408.33,16966147
2023-07-27,NVDA,NVIDIA,402.98,403.37,396.44,397.31,34712442
2023-07-28,NVDA,NVIDIA,403.65,405.62,397.15,397.6,19594072
2023-07-31,NVDA,NVIDIA,388.8,389.51,374.54,375.91,16603040
2023-08-01,NVDA,NVIDIA,368.44,394.32,367.9,392.19,8100927
2023-08-02,NVDA,NVIDIA,393.74,395.05,388.45,388.48,19048111
2023-08-03,NVDA,NVIDIA,387.42,406.56,383.57,404.87,28975424
2023-08-04,NVDA,NVIDIA,413.19,413.41,408.51,410.46,13323197
2023-08-07,NVDA,NVIDIA,401.94,417.19,401.88,416.76,13085036
2023-08-08,NVDA,NVIDIA,421.53,434.8,420.04,434.41,10650763
2023-08-09,NVDA,NVIDIA,437.57,437.89,428.84,433.27,11441403
2023-08-10,NVDA,NVIDIA,437.38,441.9,437.28,439.97,15170588
2023-08-11,NVDA,NVIDIA,445.52,465.08,444.41,462.05,14070400
2023-08-14,NVDA,NVIDIA,462.06,470.09,461.25,465.61,13870456
2023-08-15,NVDA,NVIDIA,464.72,468.26,463.14,465.46,25782435
2023-08-16,NVDA,NVIDIA,475.88,486.92,474.28,485.37,18603444
2023-08-17,NVDA,NVIDIA,490.03,492.44,486.38,490.45,10459224
2023-08-18,NVDA,NVIDIA,497.13,498.74,476.53,477.99,22405035
2023-08-21,NVDA,NVIDIA,482.58,501.39,482.35,501.01,13099136
2023-08-22,NVDA,NVIDIA,493.38,507.25,491.53,507.05,19310581
2023-08-23,NVDA,NVIDIA,507.84,526.03,506.16,525.23,25531441
2023-08-24,NVDA,NVIDIA,530.01,537.16,528.88,535.22,19309873
2023-08-25,NVDA,NVIDIA,538.18,540.22,535.41,536.02,21565441
2023-08-28,NVDA,NVIDIA,537.12,539.28,517.15,517.86,28720161
2023-08-29,NVDA,NVIDIA,509.44,510.09,508.02,508.31,13608154
2023-08-30,NVDA,NVIDIA,506.74,512.22,505.94,511.92,15597274
2023-08-31,NVDA,NVIDIA,506.65,507.95,496.92,497.37,16916209
2023-09-01,NVDA,NVIDIA,492.55,494.01,484.04,484.31,12894050
2023-09-04,NVDA,NVIDIA,487.81,500.6,484.64,498.81,5725343
2023-09-05,NVDA,NVIDIA,486.68,504.29,485.13,502.37,19365997
2023-09-06,NVDA,NVIDIA,505.26,505.79,464.47,464.51,12954602
2023-09-07,NVDA,NVIDIA,457.66,471.19,456.73,470.83,21430853
2023-09-08,NVDA,NVIDIA,460.48,480.86,459.56,480.48,8238317
2023-09-11,NVDA,NVIDIA,484.19,491.42,483.72,487.98,15272514
2023-09-12,NVDA,NVIDIA,491.56,491.67,471.76,473.96,20962156
2023-09-13,NVDA,NVIDIA,477.67,478.05,475.66,477.11,14105604
2023-09-14,NVDA,NVIDIA,480.49,504.44,480.25,502.37,19461973
2023-09-15,NVDA,NVIDIA,510.02,510.58,501.33,502.53,27070466
2023-09-18,NVDA,NVIDIA,505.83,509.8,505.44,508.36,21334539
2023-09-19,NVDA,NVIDIA,510.4,511.44,481.6,484.63,10209517
2023-09-20,NVDA,NVIDIA,489.79,491.33,483.12,485.01,21514561
2023-09-21,NVDA,NVIDIA,482.55,501.81,480.62,501.77,16664303
2023-09-22,NVDA,NVIDIA,516.79,517.98,512.13,513.34,13852328
2023-09-25,NVDA,NVIDIA,522.03,528.05,521.3,524.59,15772619
2023-09-26,NVDA,NVIDIA,530.68,533.24,518.5,519.64,20464389
2023-09-27,NVDA,NVIDIA,518.84,521.61,496.42,496.58,16632430
2023-09-28,NVDA,NVIDIA,502.55,504.25,493.44,493.76,16782351
2023-09-29,NVDA,NVIDIA,488.61,490.01,483.96,485.46,18804842
2023-10-02,NVDA,NVIDIA,487.99,505.19,487.33,503.26,24997012
2023-10-03,NVDA,NVIDIA,502.33,524.64,500.59,523.58,14609806
2023-10-04,NVDA,NVIDIA,518.72,519.71,501.63,503.43,11043903
2023-10-05,NVDA,NVIDIA,498.49,499.56,486.09,487.24,24109600
2023-10-06,NVDA,NVIDIA,486.6,527.18,484.58,525.46,14352370
2023-10-09,NVDA,NVIDIA,530.13,562.78,527.55,561.39,15173858
2023-10-10,NVDA,NVIDIA,558.94,561.32,554.67,556.13,31989744
2023-10-11,NVDA,NVIDIA,553.5,556.9,530.13,530.78,23313450
2023-10-12,NVDA,NVIDIA,530.23,530.72,524.35,525.37,28347796
2023-10-13,NVDA,NVIDIA,517.09,544.46,516.89,544.13,11850612
2023-10-16,NVDA,NVIDIA,556.52,563.24,554.43,560.96,22928414
2023-10-17,NVDA,NVIDIA,552.14,595.47,549.81,592.57,10610683
2023-10-18,NVDA,NVIDIA,598.29,598.97,584.5,585.62,8124473
2023-10-19,NVDA,NVIDIA,574.85,579.51,573.32,574.38,18989691
2023-10-20,NVDA,NVIDIA,575.86,603.66,573.74,599.24,13311249
2023-10-23,NVDA,NVIDIA,604.31,604.38,581.25,582.02,21336657
2023-10-24,NVDA,NVIDIA,579.62,611.46,579.0,610.6,11796985
2023-10-25,NVDA,NVIDIA,614.68,616.73,595.4,599.2,28227604
2023-10-26,NVDA,NVIDIA,603.51,603.98,577.45,582.56,22336263
2023-10-27,NVDA,NVIDIA,581.03,621.36,579.52,621.29,25678175
2023-10-30,NVDA,NVIDIA,622.14,622.16,599.68,601.16,16378946
2023-10-31,NVDA,NVIDIA,605.59,625.51,603.26,622.32,22278409
2023-11-01,NVDA,NVIDIA,612.14,620.16,611.37,618.17,16978706
2023-11-02,NVDA,NVIDIA,620.03,621.41,606.43,609.55,16201206
2023-11-03,NVDA,NVIDIA,602.77,613.51,602.06,612.11,13506106
2023-11-06,NVDA,NVIDIA,611.37,648.61,610.79,648.12,19895061
2023-11-07,NVDA,NVIDIA,661.65,662.6,657.14,658.82,11328926
2023-11-08,NVDA,NVIDIA,657.75,659.39,651.5,652.47,25030641
2023-11-09,NVDA,NVIDIA,655.58,657.83,652.75,657.13,19220473
2023-11-10,NVDA,NVIDIA,657.4,666.01,651.48,665.69,20038082
2023-11-13,NVDA,NVIDIA,681.35,682.63,655.99,656.3,11403212
2023-11-14,NVDA,NVIDIA,654.79,657.58,639.46,640.53,21252639
2023-11-15,NVDA,NVIDIA,622.01,641.13,617.18,637.16,23107311
2023-11-16,NVDA,NVIDIA,630.16,643.49,629.83,643.16,20806945
2023-11-17,NVDA,NVIDIA,637.69,672.48,637.16,669.48,17275060
2023-11-20,NVDA,NVIDIA,670.2,706.18,668.94,704.81,15154231
2023-11-21,NVDA,NVIDIA,720.57,722.6,678.67,681.4,18598481
2023-11-22,NVDA,NVIDIA,680.13,703.74,676.48,703.56,13103059
2023-11-23,NVDA,NVIDIA,699.06,707.64,694.98,706.76,16902477
2023-11-24,NVDA,NVIDIA,709.7,711.74,690.01,693.33,36405308
2023-11-27,NVDA,NVIDIA,700.22,705.49,699.74,704.36,19523725
2023-11-28,NVDA,NVIDIA,712.31,714.25,696.65,696.92,15610476
2023-11-29,NVDA,NVIDIA,689.72,695.66,671.57,676.93,10075410
2023-11-30,NVDA,NVIDIA,684.26,685.05,640.91,646.37,11226277
2023-12-01,NVDA,NVIDIA,639.05,640.47,632.25,634.41,19579269
2023-12-04,NVDA,NVIDIA,632.94,654.91,629.46,653.75,17987369
2023-12-05,NVDA,NVIDIA,649.91,653.41,635.12,636.83,13720298
2023-12-06,NVDA,NVIDIA,632.98,667.17,629.57,666.06,22702186
2023-12-07,NVDA,NVIDIA,661.08,718.95,660.79,714.05,20925192
2023-12-08,NVDA,NVIDIA,718.55,736.04,716.87,731.46,27749281
2023-12-11,NVDA,NVIDIA,740.41,744.06,706.62,707.21,20417667
2023-12-12,NVDA,NVIDIA,714.55,723.2,714.39,720.93,10552638
2023-12-13,NVDA,NVIDIA,707.35,709.91,698.66,702.67,13374155
2023-12-14,NVDA,NVIDIA,717.58,718.46,710.9,716.78,11595542
2023-12-15,NVDA,NVIDIA,715.29,718.54,706.8,708.57,13895405
2023-12-18,NVDA,NVIDIA,709.21,711.49,705.99,707.06,8960014
2023-12-19,NVDA,NVIDIA,705.45,723.51,699.71,722.5,16392764
2023-12-20,NVDA,NVIDIA,726.63,728.16,714.58,714.99,12510172
2023-12-21,NVDA,NVIDIA,726.9,728.75,710.94,714.39,20371093
2023-12-22,NVDA,NVIDIA,729.98,732.76,719.09,726.78,13822299
2023-12-25,NVDA,NVIDIA,718.25,721.16,701.69,704.76,13719832
2023-12-26,NVDA,NVIDIA,710.31,712.77,677.92,683.39,19019279
2023-12-27,NVDA,NVIDIA,695.38,697.36,653.4,655.69,12132656
2023-12-28,NVDA,NVIDIA,653.92,682.46,652.22,682.38,18167300
2023-12-29,NVDA,NVIDIA,706.29,708.74,696.5,701.12,12708559
2024-01-01,NVDA,NVIDIA,692.14,701.52,691.2,700.74,34925292
2024-01-02,NVDA,NVIDIA,696.5,698.45,651.02,652.5,19902550
2024-01-03,NVDA,NVIDIA,667.44,669.24,604.7,611.29,10301244
2024-01-04,NVDA,NVIDIA,622.1,622.96,602.6,606.23,12761691
2024-01-05,NVDA,NVIDIA,603.93,605.62,601.81,605.38,15556359
2024-01-08,NVDA,NVIDIA,605.33,618.15,605.09,618.08,9772881
2024-01-09,NVDA,NVIDIA,620.03,620.73,604.68,606.03,16826372
2024-01-10,NVDA,NVIDIA,600.54,605.71,600.15,604.6,10745007
2024-01-11,NVDA,NVIDIA,610.38,614.73,586.62,587.39,21650674
2024-01-12,NVDA,NVIDIA,578.32,580.22,570.41,572.58,14312760
2024-01-15,NVDA,NVIDIA,575.96,576.07,560.47,561.11,11873507
2024-01-16,NVDA,NVIDIA,568.48,580.51,567.4,578.06,23483456
2024-01-17,NVDA,NVIDIA,575.26,576.07,555.31,556.77,14195995
2024-01-18,NVDA,NVIDIA,548.14,560.51,546.11,555.79,25651882
2024-01-19,NVDA,NVIDIA,565.04,567.69,558.38,562.87,19969852
2024-01-22,NVDA,NVIDIA,560.16,563.76,550.18,551.44,19682390
2024-01-23,NVDA,NVIDIA,548.08,579.91,546.48,579.87,20815414
2024-01-24,NVDA,NVIDIA,589.67,590.28,575.72,576.34,18238052
2024-01-25,NVDA,NVIDIA,578.83,587.52,577.64,583.83,17940098
2024-01-26,NVDA,NVIDIA,579.4,581.45,566.2,566.33,10531715
2024-01-29,NVDA,NVIDIA,574.77,574.93,557.19,561.01,12331658
2024-01-30,NVDA,NVIDIA,555.08,557.9,552.15,553.8,18662469
2024-01-31,NVDA,NVIDIA,551.04,558.19,550.64,555.28,36088965
2024-02-01,NVDA,NVIDIA,567.72,570.78,566.56,568.2,16992020
2024-02-02,NVDA,NVIDIA,563.63,564.55,537.66,539.51,18560488
2024-02-05,NVDA,NVIDIA,540.64,546.3,523.83,526.69,16648046
2024-02-06,NVDA,NVIDIA,530.35,533.45,515.37,516.47,13034066
2024-02-07,NVDA,NVIDIA,501.52,532.76,501.29,531.97,8873610
2024-02-08,NVDA,NVIDIA,527.77,547.67,527.57,546.5,29408234
2024-02-09,NVDA,NVIDIA,540.88,543.95,509.31,509.56,14607245
2024-02-12,NVDA,NVIDIA,506.23,543.16,505.0,542.27,23632971
2024-02-13,NVDA,NVIDIA,552.53,558.61,547.76,556.49,20497697
2024-02-14,NVDA,NVIDIA,550.94,571.25,548.8,569.34,21107776
2024-02-15,NVDA,NVIDIA,571.27,601.13,568.36,601.08,10991803
2024-02-16,NVDA,NVIDIA,598.01,629.69,597.89,629.61,10813783
2024-02-19,NVDA,NVIDIA,640.35,646.78,638.66,644.45,21756068
2024-02-20,NVDA,NVIDIA,635.57,637.58,632.41,635.55,8975438
2024-02-21,NVDA,NVIDIA,635.23,635.29,589.47,590.11,23697510
2024-02-22,NVDA,NVIDIA,590.03,621.73,588.55,621.39,15336237
2024-02-23,NVDA,NVIDIA,633.76,653.77,630.67,652.82,18202698
2024-02-26,NVDA,NVIDIA,647.85,665.0,645.91,659.38,26314430
2024-02-27,NVDA,NVIDIA,657.18,663.74,638.02,638.47,16296931
2024-02-28,NVDA,NVIDIA,641.25,655.2,640.21,651.72,14378420
2024-02-29,NVDA,NVIDIA,642.69,657.75,642.45,656.65,14911322
2024-03-01,NVDA,NVIDIA,672.69,684.57,671.62,680.99,16495348
2024-03-04,NVDA,NVIDIA,669.39,724.58,668.58,719.72,13426055
2024-03-05,NVDA,NVIDIA,729.25,731.59,711.96,716.19,19121179
2024-03-06,NVDA,NVIDIA,713.04,722.23,712.33,720.16,17488442
2024-03-07,NVDA,NVIDIA,727.23,728.55,706.03,712.53,35990415
2024-03-08,NVDA,NVIDIA,711.69,717.5,681.45,681.58,13938677
2024-03-11,NVDA,NVIDIA,676.89,696.57,671.36,693.9,16699542
2024-03-12,NVDA,NVIDIA,701.95,715.18,698.6,712.22,13648836
2024-03-13,NVDA,NVIDIA,710.08,712.69,697.95,699.68,13377050
2024-03-14,NVDA,NVIDIA,725.63,727.89,680.44,683.36,8917912
2024-03-15,NVDA,NVIDIA,703.8,706.87,686.8,688.09,20387994
2024-03-18,NVDA,NVIDIA,675.18,677.13,660.28,660.94,20312208
2024-03-19,NVDA,NVIDIA,660.36,676.66,656.02,676.57,23201506
2024-03-20,NVDA,NVIDIA,686.33,687.46,660.44,663.96,30210119
2024-03-21,NVDA,NVIDIA,651.5,692.33,650.56,689.35,13702344
2024-03-22,NVDA,NVIDIA,686.02,688.98,680.28,682.88,10035940
2024-03-25,NVDA,NVIDIA,689.57,690.17,671.51,674.32,22823914
2024-03-26,NVDA,NVIDIA,694.37,694.53,676.63,681.28,13247972
2024-03-27,NVDA,NVIDIA,696.36,708.8,692.4,708.53,14485280
2024-03-28,NVDA,NVIDIA,701.55,701.81,695.98,698.06,21508454
2024-03-29,NVDA,NVIDIA,687.22,697.02,686.04,692.16,13549250
2024-04-01,NVDA,NVIDIA,686.98,725.3,680.97,721.4,9955802
2024-04-02,NVDA,NVIDIA,710.04,749.21,709.77,748.21,10624260
2024-04-03,NVDA,NVIDIA,754.45,775.55,751.07,775.51,16342614
2024-04-04,NVDA,NVIDIA,781.62,812.57,779.22,812.36,18059784
2024-04-05,NVDA,NVIDIA,802.19,809.37,798.07,804.45,11315581
2024-04-08,NVDA,NVIDIA,796.68,853.73,795.23,849.75,10846572
2024-04-09,NVDA,NVIDIA,843.06,843.6,825.4,833.04,19118907
2024-04-10,NVDA,NVIDIA,841.63,845.02,839.36,840.6,23772409
2024-04-11,NVDA,NVIDIA,840.59,849.58,838.86,847.24,9518123
2024-04-12,NVDA,NVIDIA,837.82,892.99,835.0,891.16,17374582
2024-04-15,NVDA,NVIDIA,905.1,908.33,897.52,908.24,11597277
2024-04-16,NVDA,NVIDIA,904.25,917.38,900.31,915.56,15949634
2024-04-17,NVDA,NVIDIA,934.2,941.38,911.69,918.35,23207368
2024-04-18,NVDA,NVIDIA,920.66,953.22,909.62,944.64,19371608
2024-04-19,NVDA,NVIDIA,940.92,972.68,939.59,972.57,20012106
2024-04-22,NVDA,NVIDIA,974.38,981.04,973.23,980.04,18536917
2024-04-23,NVDA,NVIDIA,962.88,965.42,925.77,935.36,22771196
2024-04-24,NVDA,NVIDIA,935.01,937.62,891.41,901.02,17889248
2024-04-25,NVDA,NVIDIA,918.29,919.49,859.37,866.02,14301387
2024-04-26,NVDA,NVIDIA,888.16,888.77,870.07,871.36,14655076
2024-04-29,NVDA,NVIDIA,876.53,895.06,874.05,888.16,19884242
2024-04-30,NVDA,NVIDIA,876.11,878.46,833.31,833.88,24166022
2024-05-01,NVDA,NVIDIA,823.33,843.99,822.13,841.63,9990215
2024-05-02,NVDA,NVIDIA,823.08,849.6,822.14,848.79,28878970
2024-05-03,NVDA,NVIDIA,846.46,847.34,826.96,832.73,12581457
2024-05-06,NVDA,NVIDIA,832.47,835.71,828.2,830.71,17008861
2024-05-07,NVDA,NVIDIA,829.09,844.59,827.05,841.3,11468041
2024-05-08,NVDA,NVIDIA,835.87,922.73,835.5,917.46,24309172
2024-05-09,NVDA,NVIDIA,902.25,966.08,899.99,964.2,10614174
2024-05-10,NVDA,NVIDIA,970.13,981.64,967.54,980.59,7929369
2024-05-13,NVDA,NVIDIA,978.21,983.94,977.55,978.58,11807100
2024-05-14,NVDA,NVIDIA,967.31,1014.11,961.63,1011.66,26182538
2024-05-15,NVDA,NVIDIA,1021.54,1044.5,1018.76,1043.2,9337597
2024-05-16,NVDA,NVIDIA,1031.07,1048.43,1027.1,1046.77,15138509
2024-05-17,NVDA,NVIDIA,1050.86,1053.07,1049.77,1052.83,22312580
2024-05-20,NVDA,NVIDIA,1035.31,1037.18,983.51,986.11,13399319
2024-05-21,NVDA,NVIDIA,992.05,998.4,991.98,998.22,24892714
2024-05-22,NVDA,NVIDIA,995.25,1002.3,955.42,956.43,25430379
2024-05-23,NVDA,NVIDIA,960.18,1018.69,956.62,1013.67,18776860
2024-05-24,NVDA,NVIDIA,1004.5,1061.88,1001.49,1056.2,18965752
2024-05-27,NVDA,NVIDIA,1055.35,1066.68,1047.88,1064.22,14734756
2024-05-28,NVDA,NVIDIA,1055.65,1059.79,1047.57,1052.47,18473375
2024-05-29,NVDA,NVIDIA,1054.81,1146.16,1053.28,1132.91,35516611
2024-05-30,NVDA,NVIDIA,1144.47,1145.72,1141.68,1141.86,15070003
2024-05-31,NVDA,NVIDIA,1143.29,1145.58,1114.87,1116.48,15002189
2024-06-03,NVDA,NVIDIA,1143.3,1192.44,1139.29,1185.38,7854254
2024-06-04,NVDA,NVIDIA,1228.49,1235.81,1180.34,1181.53,27277252
2024-06-05,NVDA,NVIDIA,1169.65,1178.26,1168.34,1174.71,27474900
2024-06-06,NVDA,NVIDIA,1157.02,1173.05,1150.74,1169.48,7097386
2024-06-07,NVDA,NVIDIA,1164.43,1179.24,1164.18,1174.82,12677502
2024-06-10,NVDA,NVIDIA,1206.67,1210.65,1117.49,1122.02,11360998
2024-06-11,NVDA,NVIDIA,1144.34,1149.01,1103.36,1104.36,9170057
2024-06-12,NVDA,NVIDIA,1106.28,1174.93,1105.64,1169.59,14148226
2024-06-13,NVDA,NVIDIA,1152.68,1227.19,1151.09,1219.98,18958019
2024-06-14,NVDA,NVIDIA,1234.83,1244.87,1220.35,1225.07,16032304
2024-06-17,NVDA,NVIDIA,1219.79,1223.41,1199.61,1200.01,10953029
2024-06-18,NVDA,NVIDIA,1204.12,1246.25,1196.89,1241.96,27249074
2024-06-19,NVDA,NVIDIA,1267.8,1301.63,1265.15,1300.82,21093235
2024-06-20,NVDA,NVIDIA,1289.93,1433.12,1286.85,1433.1,20516665
2024-06-21,NVDA,NVIDIA,1428.01,1450.26,1420.99,1447.88,14163511
2024-06-24,NVDA,NVIDIA,1446.59,1454.51,1388.17,1390.61,11055149
2024-06-25,NVDA,NVIDIA,1408.7,1412.55,1326.06,1334.83,22491593
2024-06-26,NVDA,NVIDIA,1334.5,1335.09,1244.43,1250.52,7914893
2024-06-27,NVDA,NVIDIA,1249.46,1266.88,1248.36,1263.68,22635507
2024-06-28,NVDA,NVIDIA,1294.17,1304.45,1265.0,1265.64,10968940
2024-07-01,NVDA,NVIDIA,1262.31,1268.16,1255.6,1263.59,14420846
2024-07-02,NVDA,NVIDIA,1259.25,1262.89,1212.86,1217.97,21611728
2024-07-03,NVDA,NVIDIA,1218.43,1219.73,1167.44,1169.71,17508621
2024-07-04,NVDA,NVIDIA,1167.31,1183.83,1166.76,1180.46,10114789
2024-07-05,NVDA,NVIDIA,1211.13,1211.73,1136.82,1141.08,17636034
2024-07-08,NVDA,NVIDIA,1158.99,1180.73,1156.1,1179.29,15433807
2024-07-09,NVDA,NVIDIA,1202.08,1204.29,1108.75,1108.82,18431086
2024-07-10,NVDA,NVIDIA,1099.18,1099.47,1089.75,1095.73,16777884
2024-07-11,NVDA,NVIDIA,1092.31,1097.83,1086.44,1094.18,19686584
2024-07-12,NVDA,NVIDIA,1073.25,1152.82,1068.31,1145.89,13933049
2024-07-15,NVDA,NVIDIA,1128.31,1153.5,1127.25,1149.42,24255431
2024-07-16,NVDA,NVIDIA,1163.62,1166.7,1134.11,1134.64,21827581
2024-07-17,NVDA,NVIDIA,1142.56,1168.9,1141.43,1166.9,6559781
2024-07-18,NVDA,NVIDIA,1186.17,1235.18,1177.59,1230.33,8462250
2024-07-19,NVDA,NVIDIA,1236.37,1290.0,1231.81,1286.93,24358444
2024-07-22,NVDA,NVIDIA,1284.7,1402.26,1273.22,1401.29,18511618
2024-07-23,NVDA,NVIDIA,1385.39,1396.45,1321.23,1322.77,15508724
2024-07-24,NVDA,NVIDIA,1316.32,1335.2,1310.87,1332.01,16616342
2024-07-25,NVDA,NVIDIA,1339.98,1341.63,1314.83,1322.97,17474796
2024-07-26,NVDA,NVIDIA,1324.57,1328.84,1303.26,1308.58,14130238
2024-07-29,NVDA,NVIDIA,1314.94,1317.41,1242.1,1242.8,9749816
2024-07-30,NVDA,NVIDIA,1259.08,1264.51,1254.17,1258.34,11041108
2024-07-31,NVDA,NVIDIA,1252.27,1256.07,1242.4,1243.26,13570354
2024-08-01,NVDA,NVIDIA,1234.18,1236.26,1199.9,1201.36,19037265
2024-08-02,NVDA,NVIDIA,1167.55,1197.19,1154.82,1189.0,22647739
2024-08-05,NVDA,NVIDIA,1200.73,1207.06,1196.28,1204.23,14974505
2024-08-06,NVDA,NVIDIA,1189.69,1189.86,1166.92,1167.07,6531690
2024-08-07,NVDA,NVIDIA,1157.58,1186.58,1152.45,1186.08,16814006
2024-08-08,NVDA,NVIDIA,1179.31,1180.36,1115.01,1116.28,16286015
2024-08-09,NVDA,NVIDIA,1105.17,1148.5,1099.08,1143.45,24974820
2024-08-12,NVDA,NVIDIA,1147.5,1159.29,1145.76,1153.0,18259742
2024-08-13,NVDA,NVIDIA,1183.83,1185.9,1095.92,1099.27,19790437
2024-08-14,NVDA,NVIDIA,1101.9,1143.63,1097.83,1139.32,22195883
2024-08-15,NVDA,NVIDIA,1143.73,1148.66,1116.4,1118.17,22121472
2024-08-16,NVDA,NVIDIA,1134.28,1136.64,1051.47,1052.06,19317774
2024-08-19,NVDA,NVIDIA,1050.2,1052.55,1021.39,1025.92,26656091
2024-08-20,NVDA,NVIDIA,1031.17,1036.44,1009.41,1014.03,6351752
2024-08-21,NVDA,NVIDIA,1030.47,1035.51,1013.65,1021.84,41918361
2024-08-22,NVDA,NVIDIA,1007.4,1026.37,1006.55,1019.91,18503649
2024-08-23,NVDA,NVIDIA,1041.99,1049.31,1010.2,1013.65,22876100
2024-08-26,NVDA,NVIDIA,1007.15,1031.06,1006.3,1029.13,8241099
2024-08-27,NVDA,NVIDIA,1026.69,1064.41,1025.99,1057.76,19140653
2024-08-28,NVDA,NVIDIA,1079.29,1089.02,1075.12,1084.76,16506845
2024-08-29,NVDA,NVIDIA,1068.82,1083.79,1064.02,1076.51,9961855
2024-08-30,NVDA,NVIDIA,1079.85,1079.9,1056.23,1061.11,16730264
2024-09-02,NVDA,NVIDIA,1065.59,1070.7,1041.56,1048.02,23726476
2024-09-03,NVDA,NVIDIA,1052.36,1062.25,1046.75,1048.74,28283881
2024-09-04,NVDA,NVIDIA,1068.26,1068.67,1051.38,1058.68,17862767
2024-09-05,NVDA,NVIDIA,1071.91,1094.97,1071.6,1093.58,8930957
2024-09-06,NVDA,NVIDIA,1082.0,1152.72,1079.94,1147.46,8601857
2024-09-09,NVDA,NVIDIA,1149.29,1179.4,1147.18,1176.85,18080234
2024-09-10,NVDA,NVIDIA,1174.37,1219.83,1167.45,1219.54,24840201
2024-09-11,NVDA,NVIDIA,1228.82,1233.75,1212.26,1212.53,14929472
2024-09-12,NVDA,NVIDIA,1200.72,1203.37,1155.99,1160.34,17499420
2024-09-13,NVDA,NVIDIA,1162.55,1176.81,1161.13,1175.34,21487993
2024-09-16,NVDA,NVIDIA,1180.15,1185.09,1108.38,1112.18,10913214
2024-09-17,NVDA,NVIDIA,1105.78,1115.19,1099.76,1109.97,18817565
2024-09-18,NVDA,NVIDIA,1118.35,1119.74,1082.57,1088.07,17218756
2024-09-19,NVDA,NVIDIA,1086.48,1098.51,1079.39,1094.92,12691388
2024-09-20,NVDA,NVIDIA,1105.76,1109.73,1041.93,1043.26,21696352
2024-09-23,NVDA,NVIDIA,1047.74,1060.96,1036.71,1060.68,25063373
2024-09-24,NVDA,NVIDIA,1059.13,1061.56,1028.24,1034.87,30949696
2024-09-25,NVDA,NVIDIA,1011.63,1058.66,1006.02,1055.78,50995485
2024-09-26,NVDA,NVIDIA,1052.53,1065.7,1047.55,1052.97,12997378
2024-09-27,NVDA,NVIDIA,1059.59,1063.07,1052.01,1054.72,11828580
2024-09-30,NVDA,NVIDIA,1064.01,1065.26,1032.29,1035.56,14053494
2024-10-01,NVDA,NVIDIA,1042.36,1069.87,1040.18,1066.37,22032400
2024-10-02,NVDA,NVIDIA,1064.08,1067.87,1014.73,1018.49,8723853
2024-10-03,NVDA,NVIDIA,1020.89,1021.59,979.05,979.51,15692169
2024-10-04,NVDA,NVIDIA,980.14,1025.98,976.74,1022.6,27357535
2024-10-07,NVDA,NVIDIA,1023.97,1027.36,1017.67,1025.57,19909389
2024-10-08,NVDA,NVIDIA,1051.02,1051.64,995.21,998.1,11115149
2024-10-09,NVDA,NVIDIA,999.46,1006.29,995.56,1001.81,19001222
2024-10-10,NVDA,NVIDIA,988.13,988.87,962.37,964.96,34280283
2024-10-11,NVDA,NVIDIA,984.41,987.2,949.02,951.7,16810450
2024-10-14,NVDA,NVIDIA,982.13,982.16,963.84,967.66,22819352
2024-10-15,NVDA,NVIDIA,943.92,946.36,938.97,945.66,6799709
2024-10-16,NVDA,NVIDIA,947.51,976.62,946.6,970.31,20970443
2024-10-17,NVDA,NVIDIA,959.43,1008.39,953.46,1007.23,22573173
2024-10-18,NVDA,NVIDIA,994.01,1003.03,989.02,990.58,29069994
2024-10-21,NVDA,NVIDIA,986.81,990.56,955.4,956.15,13170955
2024-10-22,NVDA,NVIDIA,986.99,987.02,926.14,931.95,16968339
2024-10-23,NVDA,NVIDIA,942.54,943.04,926.03,927.6,19919957
2024-10-24,NVDA,NVIDIA,922.42,942.81,922.17,938.75,17518434
2024-10-25,NVDA,NVIDIA,944.41,963.12,940.27,958.66,32506000
2024-10-28,NVDA,NVIDIA,959.03,960.92,870.2,875.5,12846294
2024-10-29,NVDA,NVIDIA,898.11,899.01,873.44,874.21,13256669
2024-10-30,NVDA,NVIDIA,878.42,886.28,858.89,863.46,11914739
2024-10-31,NVDA,NVIDIA,863.78,874.02,861.34,872.47,17528045
2024-11-01,NVDA,NVIDIA,865.57,870.2,850.26,851.16,14925877
2024-11-04,NVDA,NVIDIA,855.86,855.87,851.4,852.93,13987088
2024-11-05,NVDA,NVIDIA,850.04,857.85,848.38,857.66,19581829
2024-11-06,NVDA,NVIDIA,843.86,916.56,842.64,911.1,49715858
2024-11-07,NVDA,NVIDIA,916.83,917.3,877.0,879.04,28247887
2024-11-08,NVDA,NVIDIA,872.6,923.41,869.63,921.11,24356287
2024-11-11,NVDA,NVIDIA,924.54,941.74,923.86,939.67,10158550
2024-11-12,NVDA,NVIDIA,954.5,954.57,909.68,910.41,20324062
2024-11-13,NVDA,NVIDIA,921.12,923.17,879.49,880.75,10984913
2024-11-14,NVDA,NVIDIA,884.53,898.25,880.58,893.48,10728517
2024-11-15,NVDA,NVIDIA,886.94,899.62,883.57,893.63,16158216
2024-11-18,NVDA,NVIDIA,884.91,885.08,865.18,866.37,17194819
2024-11-19,NVDA,NVIDIA,882.32,885.95,808.39,811.78,17600257
2024-11-20,NVDA,NVIDIA,809.45,829.89,809.24,827.41,19354596
2024-11-21,NVDA,NVIDIA,839.76,844.14,810.34,810.68,36831153
2024-11-22,NVDA,NVIDIA,829.12,831.46,824.4,830.19,29311148
2024-11-25,NVDA,NVIDIA,840.22,840.51,825.33,833.57,17045956
2024-11-26,NVDA,NVIDIA,830.53,859.15,827.78,856.14,17703751
2024-11-27,NVDA,NVIDIA,859.45,865.73,857.26,861.65,15505256
2024-11-28,NVDA,NVIDIA,858.36,892.01,855.37,890.88,24584302
2024-11-29,NVDA,NVIDIA,882.31,893.47,879.0,891.94,6664058
2024-12-02,NVDA,NVIDIA,879.07,941.06,874.72,935.53,10217142
2024-12-03,NVDA,NVIDIA,931.5,975.04,924.15,972.72,16546042
2024-12-04,NVDA,NVIDIA,967.56,975.11,967.01,974.23,14759491
2024-12-05,NVDA,NVIDIA,985.09,985.34,931.94,933.72,16585481
2024-12-06,NVDA,NVIDIA,947.74,982.92,941.26,976.52,15276321
2024-12-09,NVDA,NVIDIA,995.95,1011.48,994.25,1009.65,13733488
2024-12-10,NVDA,NVIDIA,986.09,988.71,961.46,964.33,16261519
2024-12-11,NVDA,NVIDIA,962.93,1008.33,954.15,1002.83,20589344
2024-12-12,NVDA,NVIDIA,1005.26,1010.83,991.26,996.23,16414006
2024-12-13,NVDA,NVIDIA,1010.98,1016.23,992.84,994.13,16013629
2024-12-16,NVDA,NVIDIA,1007.77,1010.7,959.71,965.51,29235245
2024-12-17,NVDA,NVIDIA,970.04,979.74,969.06,977.79,28401948
2024-12-18,NVDA,NVIDIA,959.01,1005.76,958.83,1000.37,9537059
2024-12-19,NVDA,NVIDIA,987.04,1012.19,984.37,1010.41,24158445
2024-12-20,NVDA,NVIDIA,1001.27,1001.31,981.2,982.53,31653076
2024-12-23,NVDA,NVIDIA,978.45,1023.62,976.54,1015.72,10602746
2024-12-24,NVDA,NVIDIA,1022.37,1032.48,1003.31,1006.03,18478063
2024-12-25,NVDA,NVIDIA,976.98,1000.81,976.97,998.53,26076832
2024-12-26,NVDA,NVIDIA,988.29,1040.37,986.38,1036.87,15119676
2024-12-27,NVDA,NVIDIA,1040.11,1050.61,1035.91,1047.51,23339926
2024-12-30,NVDA,NVIDIA,1050.97,1131.96,1048.09,1130.92,11408016
2024-12-31,NVDA,NVIDIA,1142.88,1200.08,1138.73,1199.25,7033338
